Amplicon_ID,Ion_AmpliSeq_Fwd_Primer,Ion_AmpliSeq_Rev_Primer,LineItem_Type,Gene_Symbol,Genome_Version,Chr,Amplicon_Start,Amplicon_Stop,Insert_Start,Insert_Stop
223379892,AATGAAAATTTTTGGTAAATTCAGTTTTGGTT,TGCAATGTTTAGAAACGCCATACGTATA,GENE,BRCA2,hg19,chr13,32931769,32931909,32931801,32931881
223383847,CATACTTTGCAATGAAGCAGAAAACAAG,CAACAGAATATACGATGGCCTCCA,GENE,BRCA2,hg19,chr13,32971043,32971247,32971071,32971223
223384089,CAGGGTCGTCAGACACCAAAA,ACAATTATCAACCTCATCTGCTCTTTCT,GENE,BRCA2,hg19,chr13,32900633,32900804,32900654,32900776
223384214,CATCCATAGGGACTGACAGGTG,GGTAGAGGGCCTGGGTTAAGTA,GENE,BRCA1,hg19,chr17,41201053,41201276,41201075,41201254
223387024,TGCAGAGTCTTTTCAGTTTCACACT,AGAAGAAAGAGGGATGAGGGAATACA,GENE,BRCA2,hg19,chr13,32931929,32932127,32931954,32932101
223390724,gcctggccTGATACAATTAACTTGAAT,CCTTCATGTTCTTCAAATTCCTCCTGAA,GENE,BRCA2,hg19,chr13,32945022,32945238,32945049,32945210
223392219,CCCAACAAAAGAGACTAGAAGCCTTAT,AATGTTAAATTCAAAGTCTCTAAGACTTTGTTC,GENE,BRCA2,hg19,chr13,32945175,32945312,32945202,32945279
223399241,GGCAGTTCTAGAAGAATGAAAACTCTTATGA,GGTCAGGAAAGAATCCAAGTTTGGTATA,GENE,BRCA2,hg19,chr13,32944445,32944599,32944476,32944571
223399434,CTAACAGTACTCGGCCTGCT,gaccgaaactccatctcaaacaaac,GENE,BRCA2,hg19,chr13,32944546,32944779,32944566,32944754
223412702,TCTTCCCTAGTATGTAAGGTCAATTCTGT,CGCGTTGAAGAAGTACAAAATGTCA,GENE,BRCA1,hg19,chr17,41275945,41276095,41275974,41276070
223413081,ACTCTTGTGCTGACTTACCAGATG,TTCTAATGTGTTAAAGTTCATTGGAACAGAAA,GENE,BRCA1,hg19,chr17,41276016,41276148,41276040,41276116
223419559,AGTTCACTTTCTTCCATTTCTATGCTTGT,TCTCGTTACTGGAAGTTAGCACTCT,GENE,BRCA1,hg19,chr17,41244993,41245200,41245022,41245175
223422356,ACCACGTCATAGAAAGTAATTGTGCAA,AAGGTTGATAATCACTTGCTGAGTGT,GENE,BRCA1,hg19,chr17,41256799,41257023,41256826,41256997
223426628,TTGGAAGGCTAGGATTGACAAATTCTTTA,CAGCAGAAACCTACAACTCATGGA,GENE,BRCA1,hg19,chr17,41245366,41245562,41245395,41245538
223443450,TCCCTTCTTTGGGTGTTTTATGCT,GCAAAGCACGAACTTGCTGT,GENE,BRCA2,hg19,chr13,32950715,32950869,32950739,32950849
223445345,CACACATTTATTTGGTTCTGTTTTTGCC,CTGAAGACCCCAAAGATCTCATGTTA,GENE,BRCA1,hg19,chr17,41245142,41245317,41245170,41245291
223446640,GGCTCCAGTTGCAGGTTCTTT,TGCGCTTGAACTAGTAGTCAGTAGA,GENE,BRCA1,hg19,chr17,41245514,41245685,41245535,41245660
223448105,cactgtgcccAAACACTACCT,AGAACATTTCCTCAGAATTGTCCCAAA,GENE,BRCA2,hg19,chr13,32910304,32910505,32910325,32910478
223451547,AGAACCAACTTTGTCCTTAACTAGCTC,CTTTTTGGATCATTTTCACACTGTCCTT,GENE,BRCA2,hg19,chr13,32910451,32910660,32910478,32910632
223453270,ACCATATTTACCATCACGTGCACT,ACAGCTTCTCACCTTGAATAATCATCAA,GENE,BRCA2,hg19,chr13,32950820,32950986,32950844,32950958
223459067,GAAGCTGATTCTCTGTCATGCCT,CAGAACATCCTTGGAAGTAGGAGTT,GENE,BRCA2,hg19,chr13,32910605,32910829,32910628,32910804
223459101,GCAATTCAGTACAATTAGGTGGGCTTA,GAATCACTCGAAAAAGAATCTGCTTTCA,GENE,BRCA1,hg19,chr17,41245630,41245834,41245657,41245806
223461311,AATCAAAGTGTTTGTTCCAATACAGCAG,GAGGAGCTCATTAAGGTTGTTGATGT,GENE,BRCA1,hg19,chr17,41226308,41226447,41226336,41226421
223467279,TGTTTCCTAGGCACAATAAAAGATCGAA,GGAAGTGTTAACTTCTTAACGTTAGTGT,GENE,BRCA2,hg19,chr13,32920954,32921145,32920982,32921117
223470236,TGATCATGAAAATGCCAGCACTCT,TGGCAACAGCTCAACGTTTTTATAATTT,GENE,BRCA2,hg19,chr13,32910775,32910997,32910799,32910969
223470437,ACTGCTGCTTATAGGTTCAGCTTTC,TGGCAGTTCAAAAGACTCCTGAAAT,GENE,BRCA1,hg19,chr17,41245778,41245980,41245803,41245955
223472632,AGATCTTTCAGTTTGCAAAACCCTTTC,CACCTGGTTCTTTTACTAAGTGTTCAAA,GENE,BRCA1,hg19,chr17,41245259,41245434,41245286,41245406
223472652,CATTCTGCTCCGTTTGGTTAGTTC,AAATAAATTAAAGCGTAAAAGGAGACCTACA,GENE,BRCA1,hg19,chr17,41245921,41246051,41245945,41246020
223475559,CAGACTCTTCCAGCTGTTGCT,CAATTGGTGGCGATGGTTTTCT,GENE,BRCA1,hg19,chr17,41226396,41226580,41226417,41226558
223487194,CATCCCTGTGTAAGTGCATTTTGG,CGTACTGGGTTTTTAGCAAGCATT,GENE,BRCA2,hg19,chr13,32890520,32890744,32890544,32890720
223492069,GGTCACAGGGTTATTTCAGTGAAGA,ACACGGTTGTGACATCCCTT,GENE,BRCA2,hg19,chr13,32953446,32953607,32953471,32953587
223493831,GCCTGTATGCAAAAAACTGGAGAA,AGTGAATACCCTATAAGCCAGAATCCA,GENE,BRCA1,hg19,chr17,41228396,41228608,41228420,41228581
223494068,CCTCAAACTTGTCAGCAGAAAGG,AACCTGAATTATCACTATCAGAACAAAGCA,GENE,BRCA1,hg19,chr17,41228554,41228695,41228577,41228665
223494542,aggaggactgcttctagcct,CGTGCCAAAAGACTTCTACAGAGT,GENE,BRCA1,hg19,chr17,41256030,41256183,41256050,41256159
223495326,GGTTTTACCAAGGAAGGATTTTCGG,GCATACATAGGGTTTCTCTTGGTTTCT,GENE,BRCA1,hg19,chr17,41256131,41256368,41256156,41256341
223496623,TCCATTGCATCTTTCTCATCTTTCTCC,GTACCGGTAGTTGTTGATACTGAGTT,GENE,BRCA2,hg19,chr13,32953854,32954054,32953881,32954028
223501558,cgccTCATGTGGTTTTATGCAG,TCTGAGCTGTGTGCTAGAGGTA,GENE,BRCA1,hg19,chr17,41219567,41219768,41219589,41219746
223505511,CTCAGAAATGGAAAAAACCTGCAGTAAA,ACGTTTTTAGGTGAAGCCTGTTCT,GENE,BRCA2,hg19,chr13,32914849,32915061,32914877,32915037
223508272,TCACTTGTTGAGAACATTCATGTTTTGG,GGCAGTTTAGAATCTGTCAGTTCATCAT,GENE,BRCA2,hg19,chr13,32915006,32915229,32915034,32915201
223512345,CTTTGAAACAGAAGCAGTAGAAATTGCT,TGGCAACACGAAAGGTAAAAATGAAC,GENE,BRCA2,hg19,chr13,32915158,32915365,32915186,32915339
223512592,AACTAGTTTTTGCCAGTTTTTTAAAATAACCT,GAAACAAACTCCCACATACCACTG,GENE,BRCA2,hg19,chr13,32900180,32900399,32900212,32900375
223512658,ATTTCTACTTTTTCCTACTGTGGTTGCT,CATGGCTATTTGCCTTTTGAGTATTCTT,GENE,BRCA1,hg19,chr17,41258414,41258629,41258442,41258601
223513904,TCCCGAAAATGAGGAAATGGTTTTG,TGGCTGAAAAGACATAGTTTATAACACT,GENE,BRCA2,hg19,chr13,32915260,32915445,32915285,32915417
223514682,GTCTTCAGAATGCCAGAGATATACAGG,AAGCCATCAGTATTGTAGACAAACACAT,GENE,BRCA2,hg19,chr13,32930577,32930776,32930604,32930748
223515418,GATAGATTTATCGCTTCTGTGACAGACA,aaaccgagatcacgggtgac,GENE,BRCA2,hg19,chr13,32905104,32905269,32905132,32905249
223516044,GTTCCCTCTGCGTGTTCTCATAA,ATTCCTGCACTAATGTGTTCATTCT,GENE,BRCA2,hg19,chr13,32930720,32930858,32930743,32930833
223519297,CAAATTTGTCTGTCACTGGTTAAAACT,TTTATGTTCAGATTCTTCTGCAGGTTCA,GENE,BRCA2,hg19,chr13,32893162,32893305,32893189,32893277
223521074,CTTTCTTCAGAAGCTCCACCCT,aggtttgcctaaattcctagtttgtagt,GENE,BRCA2,hg19,chr13,32893249,32893521,32893271,32893493
223521635,GTTTAAACAGTGGAATTCTAGAGTCACA,GCTCAATGAAATTATGTCAGAAACACAGA,GENE,BRCA2,hg19,chr13,32937253,32937430,32937281,32937401
223527025,GGATGACACAGCTGCAAAAACAC,CCAACTGTCAGTCTGCCATTCTTTAA,GENE,BRCA2,hg19,chr13,32937373,32937582,32937396,32937556
223529883,TGAGTAATAAACTGCTGTTCTCATGCT,CAGCTGCTTGTGAATTTTCTGAGAC,GENE,BRCA1,hg19,chr17,41246671,41246880,41246698,41246855
223530147,GTATCAGGTAGGTGTCCAGCTC,CCAGGAGAATGAATTGACACTAATCTCT,GENE,BRCA1,hg19,chr17,41197721,41197868,41197743,41197840
223534004,ACTGGGTTGATGATGTTCAGTATTTGTT,CAGTTGGTTGATTTCCACCTCCA,GENE,BRCA1,hg19,chr17,41246822,41246973,41246850,41246950
223535206,CCCAGTTAGATCCTCCCCTCTTA,CAATGACTGATTTTTACCAAGAGTGCAA,GENE,BRCA2,hg19,chr13,32937528,32937708,32937551,32937680
223535414,ACTGTAAGTGAAAAAAATAATAAATGCCAACTG,ATCAGTAAATAGCAAGTCCGTTTCATCT,GENE,BRCA2,hg19,chr13,32912336,32912572,32912369,32912544
223536535,ACTGCTGCCAGTAGAAATTCTCATAAC,TGAGCTTTCGCAACTTCCAAAAAA,GENE,BRCA2,hg19,chr13,32912465,32912679,32912492,32912655
223538053,GGAGGGAAACACTCAGATTAAAGAAGAT,CCACTTGCAGTCTGAAAAAATGTATCA,GENE,BRCA2,hg19,chr13,32912614,32912790,32912642,32912763
223539987,GTTAACTGCTACTAAAACGGAGCAAAAT,TGCAATTCTTCTGGTTTCTGATCAAAGA,GENE,BRCA2,hg19,chr13,32912716,32912865,32912744,32912837
223549286,CCAGTGGTATGTGGGAGTTTGTT,AGATTTGTAAATCTCAGGGCAAAGGT,GENE,BRCA2,hg19,chr13,32900375,32900507,32900398,32900481
223551867,gcaaaagGACCCCATATAGCACAG,tcctaCTTTGACACTTTGAATGCTCTTT,GENE,BRCA1,hg19,chr17,41199617,41199765,41199641,41199737
223552235,aagGACCCCATATAGCACAGGTA,agtcctaCTTTGACACTTTGAATGCTC,GENE,BRCA1,hg19,chr17,41199621,41199767,41199644,41199740
223561388,CCTGCAACTTGTTACACAAATCAGT,GACCATCAAATATTCCTTCTCTAAGCCA,GENE,BRCA2,hg19,chr13,32913443,32913593,32913468,32913565
223561501,TGTAGTTGTTGAATTCAGTATCATCCTATGTG,CTGCCAGTTTCCATATGATCCATCTATA,GENE,BRCA2,hg19,chr13,32936593,32936751,32936625,32936723
223562902,CTTCTGTGAGTCAGACTTCATTACTTGA,TTCTTCAATACTGGCTCAATACCAGAAT,GENE,BRCA2,hg19,chr13,32913528,32913825,32913556,32913797
223565001,AGCTATTCCTACCATTCTGATGAGGTAT,CAAGTTCCTCAACGCAAATATCTTCATT,GENE,BRCA2,hg19,chr13,32913734,32913932,32913762,32913904
223567016,CAGGTGTGGATCCAAAGCTTATTTCTA,GAAACCTTAACCATACTGCCGTATATGA,GENE,BRCA2,hg19,chr13,32936677,32936885,32936704,32936857
223567715,AGGAAAGTGGTGCATTGATGGA,GCTCTTTTGTGAATCGCTGACC,GENE,BRCA1,hg19,chr17,41215256,41215480,41215278,41215458
223575711,GAGCCACATAACACATTCAAACTTACTTG,gaaCTTGAGGCCTTATGTTGACT,GENE,BRCA1,hg19,chr17,41267717,41267925,41267746,41267902
223581748,TTTCAGGAAGGAATGTTCCCAATAGTAG,CCAGGCTCTTAGCCAAAATATTAGCA,GENE,BRCA2,hg19,chr13,32899207,32899431,32899235,32899405
223585101,CCCAAAGCTGCCTACCACAAA,GATACAACCTCAAAAGACGTCTGTCT,GENE,BRCA1,hg19,chr17,41251682,41251829,41251703,41251803
223595832,AAAAAACCTGAGACCCTTACCCAATT,TGTCAAGTTTCTCTTCAGGAGGAAAAG,GENE,BRCA1,hg19,chr17,41251772,41251973,41251798,41251946
223600147,TGTGGGATACATACTACTGAATGCAAAG,CACAGCAAGTTGCAGCGTTTA,GENE,BRCA1,hg19,chr17,41242890,41243112,41242918,41243091
223640152,TTACCAGAATAGTATCACCATGTAGCA,GCTTGAAGATTTTTCCAAAGTCAGATGT,GENE,BRCA2,hg19,chr13,32928887,32929109,32928914,32929081
223643501,CAGTACTGTATCTACCCACTCTCTTT,TGGTCATTTGACAGTTCTGCATACAT,GENE,BRCA1,hg19,chr17,41247802,41248007,41247828,41247981
223644811,GGTGTAAAAATGCAATTCTGAGGTGT,ACTGAGGCTCTTTAGCTTCTTAGGA,GENE,BRCA1,hg19,chr17,41215830,41216051,41215856,41216026
223651946,GCACCTGGTCAAGAATTTCTGTCTAAA,CTAACACACTGTTCAACTCTGTGAAAAT,GENE,BRCA2,hg19,chr13,32929041,32929261,32929068,32929233
223655460,CCATTCTAGGACTTGCCCCTTTC,CAGAAAACACAGAAAAATCTCCAGCAAA,GENE,BRCA2,hg19,chr13,32968817,32969011,32968840,32968983
223655821,CAACCAAAGTCTTTGTTCCACCTTTTAA,CAACGGAAATATCTAACTGAAAGGCAAA,GENE,BRCA2,hg19,chr13,32929195,32929482,32929223,32929454
223661627,CCAGAATCCAAATCAGGCCTTCTT,GCTATTTCCTTGATACTGGACTGTCA,GENE,BRCA2,hg19,chr13,32968954,32969144,32968978,32969118
223665841,ATTATCTCAGACTGAAACGACGTTGT,TGTGCAACATAAGTACTAATGTGTGGT,GENE,BRCA2,hg19,chr13,32972783,32973006,32972809,32972979
223668583,GCCAAAAGGAAGTCTGTTTCCACA,ACAACTCCTTGGTGGCTGAAAT,GENE,BRCA2,hg19,chr13,32972353,32972562,32972377,32972540
223687587,CATTTGTTTCTCCGGCTGCAC,AACCAGACAAAAGAGCTTGGGTAT,GENE,BRCA2,hg19,chr13,32972513,32972716,32972534,32972692
223695109,TCAATAGCTGACGAAGAACTTGCATT,GAACTCTCCTGTTCTTTGATCAGAGAT,GENE,BRCA2,hg19,chr13,32972662,32972840,32972688,32972813
223697121,ACAGGATTTGGAAAAACATCAGGGAAT,TTTGGTTCCACTTCAGATACAAATGAGT,GENE,BRCA2,hg19,chr13,32906405,32906697,32906432,32906669
223702361,TCTAAATGGAGCCCAGATGGAGA,GCTCTTCATCTCTCTTATTTACCACTGT,GENE,BRCA2,hg19,chr13,32906821,32907029,32906844,32907001
223702682,TCTGTAGCTTTGAAGAATGCAGGTTTAA,AGACAGAGGTACCTGAATCAGCA,GENE,BRCA2,hg19,chr13,32907326,32907536,32907354,32907513
223708535,GCAAACGCTGATGAATGTGAAAAATCTA,GCCAAAGACGGTACAACTTCCTT,GENE,BRCA2,hg19,chr13,32906621,32906790,32906649,32906767
223712318,CCCTTTGAGAGTGGAAGTGACAA,TGGTCACATGAAGAAATATGCAATAGGG,GENE,BRCA2,hg19,chr13,32906738,32906877,32906761,32906849
223712774,aaaatgAAGCGGCCCATCTCT,TGAAGGAAGCTTCTCTTTCTCTTATCCT,GENE,BRCA1,hg19,chr17,41208982,41209206,41209003,41209178
223713442,GCCACGTATTTCTAGCCTACCAAAAT,TGCATTGAAAGTCTCTTTAGGTGATTCT,GENE,BRCA2,hg19,chr13,32906953,32907169,32906979,32907141
223718840,TTGGAGCTAGGTCCTTACTCTTCA,CAGCAGGAAATGGCTGAACTAGA,GENE,BRCA1,hg19,chr17,41234332,41234556,41234356,41234533
223729615,TGGCTCCCATGCTGTTCTAAC,TACTAGGTGATTTCAATTCCTGTGCTA,GENE,BRCA1,hg19,chr17,41234507,41234704,41234528,41234677
223730276,GCTTCTTCATTTCAGGGTATCAAAAAGT,CTGGCCAGCTTCCATTATCAATTAAATT,GENE,BRCA2,hg19,chr13,32907098,32907308,32907126,32907280
223730984,GTTTGCTCACAGAAGGAGGACT,CTGGGCTGAACAGTTAATTAGTTCTGA,GENE,BRCA2,hg19,chr13,32907248,32907472,32907270,32907445
223735034,ATTTCTTCCTCTAGGTTATTAATTGACAATACC,AGAAAGGGTCAACAAAAGAATGTCCAT,GENE,BRCA1,hg19,chr17,41222844,41223002,41222877,41222975
223735053,AGGGAGATACATATGGATACACTCACAAA,AAGAAAGTGTGAGCAGGGAGAAG,GENE,BRCA1,hg19,chr17,41222919,41223045,41222948,41223022
223742628,ACCCTTTCTGTTGAAGCTGTCAA,TCAGCTCGTGTTGGCAACATA,GENE,BRCA1,hg19,chr17,41222994,41223172,41223017,41223151
223757220,GGAACTTTCAATGCAGAGGTTGAAG,ACAGAGACCAGAACTTTGTAATTCAACA,GENE,BRCA1,hg19,chr17,41223123,41223323,41223148,41223295
223772396,TCTTGGCCCCTCTTCGGTAA,TCATGCATCTCAGGTTTGTTCTGA,GENE,BRCA1,hg19,chr17,41243926,41244128,41243946,41244104
223778197,TGCTTTCTTGATAAAATCCTCAGGATGA,GAAAACCTATCGGAAGAAGGCAAG,GENE,BRCA1,hg19,chr17,41245985,41246162,41246013,41246138
223779507,TGTTATTACGGCTAATTGTGCTCACT,AACGAAACTGGACTCATTACTCCAAATA,GENE,BRCA1,hg19,chr17,41244457,41244667,41244483,41244639
223784919,ATCACTTCTGGAAAACCACTCATTAACT,GATGGGCTGGAAGTAAGGAAACA,GENE,BRCA1,hg19,chr17,41246378,41246589,41246406,41246566
223785198,TTCCAATACCTAAGTTTGAATCCATGCT,GCTTGTTTTCTTCACAGTGCAGT,GENE,BRCA1,hg19,chr17,41243443,41243667,41243471,41243644
223787752,GATTTTCAGTTACATGGCTTAAGTTGGG,AGCTGATGTATTGGACGTTCTAAATGAG,GENE,BRCA1,hg19,chr17,41246107,41246321,41246135,41246293
223794189,ATTTCACCATCATCTAACAGGTCATCAG,GGGTTTTGCAACCTGAGGTCTATAA,GENE,BRCA1,hg19,chr17,41244072,41244288,41244100,41244263
223799398,GGCCAGTAAGTCTATTTTCTCTGAAGAA,TTCCTTGGATAACACTAAATAGCAGCAT,GENE,BRCA1,hg19,chr17,41246249,41246439,41246277,41246411
223802517,GCTGGGAGTCCGCCTATCA,GCACAAATACTCATGCCAGCTC,GENE,BRCA1,hg19,chr17,41246543,41246724,41246562,41246702
223807632,GGATGCTTACAATTACTTCCAGGAAGA,TGATGAAAACATTCAAGCAGAACTAGGT,GENE,BRCA1,hg19,chr17,41244231,41244356,41244258,41244328
223810801,GTGGTGGTATACGATATGGGTTTTGTAA,AGCCAGTTGATAATGCCAAATGTAGT,GENE,BRCA1,hg19,chr17,41244601,41244738,41244629,41244712
223816314,CATAGCATTCAATTTTGGCCCTCT,AGAGAAATGGGAAATGAGAACATTCCAA,GENE,BRCA1,hg19,chr17,41244299,41244514,41244323,41244486
223824773,TGATAGACAAAACCTAGAGCCTCCTT,TGCAACATTCTCTGCCCACTC,GENE,BRCA1,hg19,chr17,41244683,41244902,41244709,41244881
223833516,GGTGTTTGTATTTGCAGTCAAGTCTTC,CCTTCTCAGTCTACTAGGCATAGCA,GENE,BRCA1,hg19,chr17,41243612,41243836,41243639,41243811
223846208,GTGACTTTTGGACTTTGTTTCTTTAAGGA,TTGGGACATGAAGTTAACCACAGT,GENE,BRCA1,hg19,chr17,41244849,41245051,41244878,41245027
223853466,TCTTAGACAGACACTCGGTAGCA,CCTTTCACCCATACACATTTGGCT,GENE,BRCA1,hg19,chr17,41243785,41243974,41243808,41243950
223937849,CATGGAAAAGAATCAAGATGTATGTGCT,GTTCTTCAGAGTCTGGATTGACAGT,GENE,BRCA2,hg19,chr13,32910934,32911136,32910962,32911111
223938117,AAGCAACCCAAGTGTCAATTAAAAAA,AAGCTACCTCCAAAACTGTGATTTGA,GENE,BRCA2,hg19,chr13,32911302,32911518,32911328,32911492
223938554,TGAGCTGTTGCCACCTGAAAA,TCCTTTCATTAGCTACTTGGAAGACAAAA,GENE,BRCA2,hg19,chr13,32910985,32911187,32911006,32911158
223938949,CAAATGGGCAGGACTCTTAGGT,AGGCTTGCTCAGTTTCTTTTGATTATCT,GENE,BRCA2,hg19,chr13,32911465,32911678,32911487,32911650
223940727,TCAAATAAGGAAATCAAGCTCTCTGAACA,CCTTTTGGCTAGGTGTTAAATTATGGTT,GENE,BRCA2,hg19,chr13,32911529,32911817,32911558,32911789
223942326,CTCAGATGTTATTTTCCAAGCAGGATTT,CTGCATTCCTCAGAAGTGGTCTTT,GENE,BRCA2,hg19,chr13,32911755,32911971,32911783,32911947
223943450,CAATCCAGACTCTGAAGAACTTTTCTCA,GTAGAGTTCTTGAAAATGGGTTCGTTT,GENE,BRCA2,hg19,chr13,32911117,32911269,32911145,32911242
223943910,AGGAACTTCATGAAACAGACTTGACTT,TTCTCCTCTGCAAGAACATAAACCA,GENE,BRCA2,hg19,chr13,32911212,32911356,32911239,32911331
223944537,GTGTCGCCAAAGAGTCATTTAATAAAAT,CCCTGGAAGGTCACTAGTTGATTTC,GENE,BRCA2,hg19,chr13,32912802,32913015,32912830,32912990
223945399,TGAAAGAAAGTGTCCCAGTTGGT,GGTTTTTCACTTTGTCCAAAGATTCCTT,GENE,BRCA2,hg19,chr13,32912964,32913125,32912987,32913097
223950043,GAAGTGCCTGAAAACCAGATGAC,CCTAAACCCCACTTCATTTTCATCTGTT,GENE,BRCA2,hg19,chr13,32911919,32912143,32911942,32912115
223951958,TCATACAGCTAGCGGGAAAAAAGTTAAA,GTACTTTAGGGTCTTTGCCCATTGA,GENE,BRCA2,hg19,chr13,32913064,32913199,32913092,32913174
223953315,GCAAGGTACTAGTGAAATCACCAGTTTT,ACCACAGTCTCAATAGAAACAAGGTTTT,GENE,BRCA2,hg19,chr13,32913142,32913324,32913170,32913296
223954665,AGTAGCCAGGACAGTAGAAGGAC,GTGTTGGACAGTGTAGCACTCTA,GENE,BRCA1,hg19,chr17,41197580,41197775,41197603,41197752
223957475,CCCCAAAGTGTAAAGAAATGCAGAATT,GCAGGACTTTTTGCTGTTTCTTTTTCTA,GENE,BRCA2,hg19,chr13,32913255,32913447,32913282,32913419
223957592,ACCTTGTTTCTATTGAGACTGTGGTG,GCTAAGGCTGAATTTTCAATGACTGAAT,GENE,BRCA2,hg19,chr13,32913300,32913501,32913326,32913473
223959466,GTAAAAGATGCAAATGCATACCCACAA,CACAAACGATTTTACCACTGGCT,GENE,BRCA2,hg19,chr13,32913872,32914052,32913899,32914029
223959719,TGACTGTAACAAAAGTGCTTCTGGTT,CCTCTGCAGAAGTTTCCTCACTAATATTC,GENE,BRCA2,hg19,chr13,32912086,32912255,32912112,32912226
223960586,GCAAAAAGCTGTGAAACTGTTTAGTGA,CAACAAAAGTGCCAGTAGTCATTTCAA,GENE,BRCA2,hg19,chr13,32912194,32912411,32912221,32912384
223961153,AGGGAAGCTTCATAAGTCAGTCTCA,ACTTTGGAAAAGACTTGCTTGGTACTAT,GENE,BRCA2,hg19,chr13,32914378,32914533,32914403,32914505
223963545,GGTAGGGCCACCTGCATTTA,AGAATATCCTCTGAATCATCCAATGCC,GENE,BRCA2,hg19,chr13,32914006,32914203,32914026,32914176
223966229,AAACGCAAGACAAGTGTTTTCTGAAA,GAAACTTGCTTTCCACTTGCTGTA,GENE,BRCA2,hg19,chr13,32914474,32914692,32914500,32914668
223966767,CCAAACGAAAATTATGGCAGGTTGTT,AGTTTCCAAACTAACATCACAAGGTGA,GENE,BRCA2,hg19,chr13,32914147,32914354,32914173,32914327
223968715,TGGTAAATTCATCTGCTTTCTCTGGAT,GTCTAGACGTAGGTGAATAGTGAAGACT,GENE,BRCA2,hg19,chr13,32914638,32914790,32914665,32914762
223970291,CACAAAGTTAAGGGAGTGTTAGAGGAAT,TCTGAAGAACCACCTTCAACATTTAAGT,GENE,BRCA2,hg19,chr13,32914712,32914923,32914740,32914895
223971510,ACCAAAATATGTCTGGATTGGAGAAAGT,GCTGTGCTAAAAATCCCACAAGTATT,GENE,BRCA2,hg19,chr13,32914290,32914434,32914318,32914408
223974027,ACTCAGTATCAACAACTACCGGTACA,CAAGATGGCTGAAAGTCTGGATCT,GENE,BRCA2,hg19,chr13,32954030,32954232,32954056,32954208
223976001,GAGCCCCTTCACTTCAGCAA,ACTGGTAGCTCCAACTAATCATAAGAGAT,GENE,BRCA2,hg19,chr13,32954183,32954371,32954203,32954342
224329257,TTAACTAAATAGGAAAATACCAGCTTCATAGAC,agttgaatATCTGTTTTTCAACAAGTACATTT,GENE,BRCA1,hg19,chr17,41249208,41249399,41249241,41249367
224626553,AAAGAGTCAATACTTTAGCTTTAAAAAAATGGT,gtggatcacctgaggtcagaaT,GENE,BRCA2,hg19,chr13,32918593,32918867,32918626,32918845
225279430,TCTCTGAGAAAGAATGAAATGGAGTTGG,GATCAAGGAACCTGTCTCCACAAA,GENE,BRCA1,hg19,chr17,41267597,41267787,41267625,41267763
225282203,GAAAACCTGAGCTTTCGCCAAA,CCAGTAAATTGTAACATTCGTCTGACAA,GENE,BRCA2,hg19,chr13,32968671,32968873,32968693,32968845
225286773,CACCACAAAGAGATAAGTCAGGTATGAT,AGGTAGAATATTTACCTTCACAAACTTTGGT,GENE,BRCA2,hg19,chr13,32900267,32900434,32900295,32900403
225306380,tttttggacctaggttgattgcaga,TTGCAGCTTCTCTTTGATTTGTGTTT,GENE,BRCA2,hg19,chr13,32904929,32905161,32904954,32905135
225316548,tttagtagagacagggtttctccatt,GCGTTGCCTTTGTTTCTTCTTAATTC,GENE,BRCA2,hg19,chr13,32930384,32930635,32930410,32930609
225338331,TGACTGACCGAAAAATAAAATGCCAAG,CAATGTGGTCTTTGCAGCTATTTACTTT,GENE,BRCA2,hg19,chr13,32906241,32906465,32906268,32906437
225349438,TGCTTTTGAAGCACCACTTACATTTG,ACCATGTTTGAGTGACCTGATTCT,GENE,BRCA2,hg19,chr13,32907484,32907706,32907510,32907682
225375036,CTTGAAGCCCCAGAATCTCTTATGTTAA,CCTCCCAAAAACTGCACAAAAACT,GENE,BRCA2,hg19,chr13,32937641,32937847,32937669,32937823
225397395,GTTTGAGGCACCTGAGAATATTATGTGA,TGCCTGTGATTATTCAAGGCTCTT,GENE,BRCA2,hg19,chr13,32953288,32953500,32953316,32953476
225422159,TTTGCATCGGCATGTTTGACAAT,CTTGGGATCATTTGCATGCAGTATATG,GENE,BRCA2,hg19,chr13,32970879,32971103,32970902,32971076
225427005,AAGGCTCAGATACAAACACAGCTATT,GAACAGTACCCGTTCCCTTGA,GENE,BRCA1,hg19,chr17,41231239,41231463,41231265,41231442
225430386,CTGCTGAACAAAAGGAACAAGGTT,GCATTAGTAGTGGATTTTGCTTCTCTG,GENE,BRCA2,hg19,chr13,32953560,32953783,32953584,32953756
225438570,AACGCGAAGAGCAGATAAATCCA,GACGTTGTCATTAGTTCTTTGGTTTGTA,GENE,BRCA1,hg19,chr17,41276090,41276276,41276113,41276248
225441321,GGGAGGGAGACTGTGTGTAAT,ACTTTGAAGTCATCTGGGCTGAG,GENE,BRCA2,hg19,chr13,32972180,32972404,32972201,32972381
225444087,TTTGCCATAGGATAACATTTAGGTGCT,CTATGGGCCCTTCACCAACAT,GENE,BRCA1,hg19,chr17,41202904,41203108,41202931,41203087
225451133,GCGTTATACCTTTGCCCTGAGA,ACCTCAGCTCCTAGACTTTCAGA,GENE,BRCA2,hg19,chr13,32900475,32900682,32900497,32900659
225467112,TTCTCCCAGGCTCTTACCTGT,AGAAATCATCAGGTGGTGAACAGAA,GENE,BRCA1,hg19,chr17,41203063,41203279,41203084,41203254
225492147,AGTAGATGTGCTTTTTGATGTCTGACAA,GACCAGGTTTAGAGACTTTCTCAAAGG,GENE,BRCA2,hg19,chr13,32903493,32903766,32903521,32903739
225496394,AGCAAACTGAAAAACCTCTTCTTACAAC,CATTTTAGTTTTCACTGTGCGAAGACTT,GENE,BRCA2,hg19,chr13,32899067,32899268,32899095,32899240
225504179,TTGAGCATCTGTTACATTCACTGAAAATTG,TCGGCTCTAAAGAAACATGATGCATAAA,GENE,BRCA2,hg19,chr13,32920835,32921014,32920865,32920986
225505032,GCTAACATACAGTTAGCAGCGACA,CCGTGGCTGGTAAATCTGAAATAAAATT,GENE,BRCA2,hg19,chr13,32954000,32954182,32954024,32954154
225526024,CTATGAAAAGCACCTTAGGAGGAACA,CGGGCTTGGAAGAAAATAATCAAGAAG,GENE,BRCA1,hg19,chr17,41243296,41243502,41243322,41243475
225553304,CTTTTTTGTGTGTGTTTATTTTGTGTAGCTG,TTCCTTTTCCAGTCCATAAACTTTCCTT,GENE,BRCA2,hg19,chr13,32931851,32931996,32931882,32931968
