Gene,Accession_number,COSMIC_id,CDS_mut_syntax,AA_mut_syntax,Strand,HG19_coordinates,Amplicon_id,Insert,Target_url
BRCA2,NM_000059.1,109341,c.8941G>A,p.E2981K,+,13:32953640-32953640,AMPL225430386,TATCAAGGGATGTCACAACCGTGTGGAAGTTGCGTATTGTAAGCTATTCAAAAAAAGAAAAAGATTCAGGTAAGTATGTAAATGCTTTGTTTTTATCAGTTTTATTAACTTAAAAAATGACCTTACTAACAAAATGATTATAAATCCAGATAAAGTATAAAGTTAGTTTATAT,http://www.sanger.ac.uk/perl/genetics/CGP/cosmic?action=mut_summary&id=109341
BRCA1,NM_007294.1,111484,c.1557delG,p.A521fs*11,-,17:41245991-41245991,AMPL223472652,CCTGATTTATCATTTCAGGAGTCTTTTGAACTGCCAAATCTGCTTTCTTGATAAAATCCTCAGGATGAAGGCCTGA,http://www.sanger.ac.uk/perl/genetics/CGP/cosmic?action=mut_summary&id=111484
BRCA1,NM_007294.1,111536,c.2438delG,p.G813fs*2,-,17:41245110-41245110,AMPL223419559,TTCCCGACTGTGGTTAACTTCATGTCCCAATGGATACTTAAAGCCTTCTGTGTCATTTCTATTATCTTTGGAACAACCATGAATTAGTCCCTTGGGGTTTTCAAATGCTGCACACTGACTCACACATTTATTTGGTTCTGTTTTTGCCTTCCCT,http://www.sanger.ac.uk/perl/genetics/CGP/cosmic?action=mut_summary&id=111536
BRCA1,NM_007294.1,112117,c.3648_3649insAGAACTTA,p.S1217fs*21,-,17:41243899-41243900,AMPL223853466,ACGGTGCTATGCCTAGTAGACTGAGAAGGTATATTGTTTACTTTACCAAATAACAAGTGTTGGAAGCAGGGAAGCTCTTCATCCTCACTAGATAAGTTCTCTTCTGAGGACTCTAATTTCTTGGCCCCTCTTCGGTAACCCTG,http://www.sanger.ac.uk/perl/genetics/CGP/cosmic?action=mut_summary&id=112117
BRCA2,NM_000059.1,121067,c.8652T>A,p.Y2884*,+,13:32950826-32950826,AMPL223443450,TGGTTCTTTAGTTTTAGTTGCTTTTGAATTTACAGTTTAGTGAATTAATAATCCTTTTGTTTTCTTAGAAAACACAACAAAACCATATTTACCATCACGTGCACTAACAAG,http://www.sanger.ac.uk/perl/genetics/CGP/cosmic?action=mut_summary&id=121067
BRCA1,NM_007294.1,133663,c.2963C>G,p.S988*,-,17:41244585-41244585,AMPL223779507,GTACTTGGAATGTTCTCATTTCCCATTTCTCTTTCAGGTGACATTGAATGTTCCTCAAAGTTTTCCTCTAGCAGATTTTTCTTACATTTAGTTTTAACAAATGACTTGATGGGAAAAAGTGGTGGTATACGATATGGGTTTTGTAAAAGTCCATGTT,http://www.sanger.ac.uk/perl/genetics/CGP/cosmic?action=mut_summary&id=133663
BRCA1,NM_007294.1,133664,c.114G>T,p.K38N,-,17:41267763-41267763,AMPL223575711,CAAAATATGTGGTCACACTTTGTGGAGACAGGTTCCTTGATCAACTCCAGACTAGCAGGGTAGGGGGGGAGAAAAAGAAAATAAATGAGGCTCAATAATTTATTTAAAAATAAAGCTATTCTTAGTGAATAAGTTCAACTTTGAGCTGTTATGACTG,http://www.sanger.ac.uk/perl/genetics/CGP/cosmic?action=mut_summary&id=133664
BRCA1,NM_007294.1,133665,c.925A>C,p.K309Q,-,17:41246623-41246623,AMPL223802517,TTACATGTTTCCTTACTTCCAGCCCATCTGTTATGTTGGCTCCTTGCTAAGCCAGGCTGTTTGCTTTTATTACAGAATTCAGCCTTTTCTACATTCATTCTGTCTTTAGTGAGTAATAAACTGCTGTTCTCATGCTGTAAT,http://www.sanger.ac.uk/perl/genetics/CGP/cosmic?action=mut_summary&id=133665
BRCA1,NM_007294.1,133666,c.824G>A,p.G275D,-,17:41246724-41246724,AMPL223529883,GTAATGAGCTGGCATGAGTATTTGTGCCACATGGCTCCACATGCAAGTTTGAAACAGAACTACCCTGATACTTTTCTGGATGCCTCTCAGCTGCACGCTTCTCAGTGGTGTTCAAATCATTATTACTGGGTTGATGATGTTCAGTATTTGTTACATCC,http://www.sanger.ac.uk/perl/genetics/CGP/cosmic?action=mut_summary&id=133666
BRCA1,NM_007294.1,133667,c.191_212del22,p.C64fs*1,-,17:41258473-41258494,AMPL223512658,TCCAACCTAGCATCATTACCAAATTATATACCTTTTGGTTATATCATTCTTACATAAAGGACACTGTGAAGGCCCTTTCTTCTGGTTGAGAAGTTTCAGCATGCAAAATCTATAAATTATAAAGAAAGAAAGAACAATTTAATTTACTTCCTTTTGTAGA,http://www.sanger.ac.uk/perl/genetics/CGP/cosmic?action=mut_summary&id=133667
BRCA1,NM_007294.1,13841,c.90G>T,p.L30F,-,17:41267787-41267787,AMPL223575711,CAAAATATGTGGTCACACTTTGTGGAGACAGGTTCCTTGATCAACTCCAGACTAGCAGGGTAGGGGGGGAGAAAAAGAAAATAAATGAGGCTCAATAATTTATTTAAAAATAAAGCTATTCTTAGTGAATAAGTTCAACTTTGAGCTGTTATGACTG,http://www.sanger.ac.uk/perl/genetics/CGP/cosmic?action=mut_summary&id=13841
BRCA1,NM_007294.1,13842,c.340T>A,p.S114T,-,17:41256240-41256240,AMPL223495326,GTTCACTCTGTAGAAGTCTTTTGGCACGGTTTCTGTAGCCCATACTTTGGATGATAGAAACTTCATCTTTTAGATGTTCAGGAGAGTTATTTTCCTTTTTTGCAAAATTATAGCTGTTTGCATCTGTAAAATACAAGGGAAAACATTATGTTTGCAGTTAGAGAAAAATGTATGAATTATAATCAA,http://www.sanger.ac.uk/perl/genetics/CGP/cosmic?action=mut_summary&id=13842
BRCA2,NM_000059.1,13843,c.4777G>T,p.E1593*,+,13:32913269-32913269,AMPL223953315,AGCCATCAATGGGCAAAGACCCTAAAGTACAGAGAGGCCTGTAAAGACCTTGAATTAGCATGTGAGACCATTGAGATCACAGCTGCCCCAAAGTGTAAAGAAATGCAGAATTCTCTCAATAATGATA,http://www.sanger.ac.uk/perl/genetics/CGP/cosmic?action=mut_summary&id=13843
BRCA2,NM_000059.1,13844,c.4550_4559del10,p.K1517fs*23,+,13:32913042-32913051,AMPL223945399,ACTGGAAATCAACTAGTGACCTTCCAGGGACAACCCGAACGTGATGAAAAGATCAAAGAACCTACTCTATTGGGTTTTCATACAGCTAGCGGGAAAAAAGTTAAAATTGCA,http://www.sanger.ac.uk/perl/genetics/CGP/cosmic?action=mut_summary&id=13844
BRCA2_ENST00000544455,ENST00000544455,147663,c.1114A>C,p.N372H,+,13:32906729-32906729,AMPL223708535,AAAACCAAGTGAAAGAAAAATACTCATTTGTATCTGAAGTGGAACCAAATGATACTGATCCATTAGATTCAAATGTAGCAAATCAGAAGCCCTTTGAGAGTGGAAGTGACAAAATCTCC,http://www.sanger.ac.uk/perl/genetics/CGP/cosmic?action=mut_summary&id=147663
BRCA1,NM_007294.1,148277,c.3548A>G,p.K1183R,-,17:41244000-41244000,AMPL223772396,CCCTGAGCCAAATGTGTATGGGTGAAAGGGCTAGGACTCCTGCTAAGCTCTCCTTTCTGGACGCTTTTGCTAAAAACAGCAGAACTTTCCTTAATGTCATTTTCAGCAAAACTAGTATCTTCCTTTATTTCACCATCATCTAACAGGTCATCAGGTGTC,http://www.sanger.ac.uk/perl/genetics/CGP/cosmic?action=mut_summary&id=148277
BRCA1,NM_007294.1,148278,c.2612C>T,p.P871L,-,17:41244936-41244936,AMPL223846208,CCCAGAGTGGGCAGAGAATGTTGCACATTCCTCTTCTGCATTTCCTGGATTTGAAAACGGAGCAAATGACTGGCGCTTTGAAACCTTGAATGTATTCTGCAAATACTGAGCATCAAGTTCACTTTCTTCCATTTCTATGCTTGTTTCCCG,http://www.sanger.ac.uk/perl/genetics/CGP/cosmic?action=mut_summary&id=148278
BRCA1,NM_007294.1,148279,c.2426A>G,p.E809G,-,17:41245122-41245122,AMPL223419559,TTCCCGACTGTGGTTAACTTCATGTCCCAATGGATACTTAAAGCCTTCTGTGTCATTTCTATTATCTTTGGAACAACCATGAATTAGTCCCTTGGGGTTTTCAAATGCTGCACACTGACTCACACATTTATTTGGTTCTGTTTTTGCCTTCCCT,http://www.sanger.ac.uk/perl/genetics/CGP/cosmic?action=mut_summary&id=148279
BRCA1,NM_007294.1,148280,c.2082C>T,p.S694S,-,17:41245466-41245466,AMPL223426628,AGTTCACTGGTATTTGAACACTTAGTAAAAGAACCAGGTGCATTTGTTAACTTCAGCTCTGGGAAAGTATCGCTGTCATGTCTTTTACTTGTCTGTTCATTTGGCTTGTTACTCTTCTTGGCTCCAGTTGCAGGTTCTTTACCT,http://www.sanger.ac.uk/perl/genetics/CGP/cosmic?action=mut_summary&id=148280
BRCA1,NM_007294.1,159406,c.1086G>A,p.E362E,-,17:41246462-41246462,AMPL223784919,TTCTGAATGCTGCTATTTAGTGTTATCCAAGGAACATCTTCAGTATCTCTAGGATTCTCTGAGCATGGCAGTTTCTGCTTATTCCATTCTTTTCTCTCACACAGGGGATCAGCATTCAGATCTACCTTTTTTTCTGTGCTGGGAGTCCGCCTATCATTACA,http://www.sanger.ac.uk/perl/genetics/CGP/cosmic?action=mut_summary&id=159406
BRCA2,NM_000059.1,159407,c.9997C>G,p.L3333V,+,13:32972647-32972647,AMPL223687587,AGAAGGCATTTCAGCCACCAAGGAGTTGTGGCACCAAATACGAAACACCCATAAAGAAAAAAGAACTGAATTCTCCTCAGATGACTCCATTTAAAAAATTCAATGAAATTTCTCTTTTGGAAAGTAATTCAATAGCTGACGAAGAACTTGCATTGATAA,http://www.sanger.ac.uk/perl/genetics/CGP/cosmic?action=mut_summary&id=159407
BRCA2_ENST00000544455,ENST00000544455,159408,c.9997C>G,p.L3333V,+,13:32972647-32972647,AMPL223687587,AGAAGGCATTTCAGCCACCAAGGAGTTGTGGCACCAAATACGAAACACCCATAAAGAAAAAAGAACTGAATTCTCCTCAGATGACTCCATTTAAAAAATTCAATGAAATTTCTCTTTTGGAAAGTAATTCAATAGCTGACGAAGAACTTGCATTGATAA,http://www.sanger.ac.uk/perl/genetics/CGP/cosmic?action=mut_summary&id=159408
BRCA2,NM_000059.1,159409,c.8510G>T,p.G2837V,+,13:32945115-32945115,AMPL223390724,GTTATATATGTGACTTTTTTGGTGTGTGTAACACATTATTACAGTGGATGGAGAAGACATCATCTGGATTATACATATTTCGCAATGAAAGAGAGGAAGAAAAGGAAGCAGCAAAATATGTGGAGGCCCAACAAAAGAGACTAGAAGCCTTATTCACTAAAA,http://www.sanger.ac.uk/perl/genetics/CGP/cosmic?action=mut_summary&id=159409
BRCA2_ENST00000544455,ENST00000544455,159410,c.8510G>T,p.G2837V,+,13:32945115-32945115,AMPL223390724,GTTATATATGTGACTTTTTTGGTGTGTGTAACACATTATTACAGTGGATGGAGAAGACATCATCTGGATTATACATATTTCGCAATGAAAGAGAGGAAGAAAAGGAAGCAGCAAAATATGTGGAGGCCCAACAAAAGAGACTAGAAGCCTTATTCACTAAAA,http://www.sanger.ac.uk/perl/genetics/CGP/cosmic?action=mut_summary&id=159410
BRCA2,NM_000059.1,169360,c.6464T>A,p.L2155H,+,13:32914956-32914956,AMPL223505511,GAATTTAAATTATCAAATAACTTAAATGTTGAAGGTGGTTCTTCAGAAAATAATCACTCTATTAAAGTTTCTCCATATCTCTCTCAATTTCAACAAGACAAACAACAGTTGGTATTAGGAACCAAAGTGTCACTTGTTGAGAACATTCATGTTTTGGGAAA,http://www.sanger.ac.uk/perl/genetics/CGP/cosmic?action=mut_summary&id=169360
BRCA2_ENST00000544455,ENST00000544455,169361,c.6464T>A,p.L2155H,+,13:32914956-32914956,AMPL223505511,GAATTTAAATTATCAAATAACTTAAATGTTGAAGGTGGTTCTTCAGAAAATAATCACTCTATTAAAGTTTCTCCATATCTCTCTCAATTTCAACAAGACAAACAACAGTTGGTATTAGGAACCAAAGTGTCACTTGTTGAGAACATTCATGTTTTGGGAAA,http://www.sanger.ac.uk/perl/genetics/CGP/cosmic?action=mut_summary&id=169361
BRCA2,NM_000059.1,169610,c.1368G>T,p.E456D,+,13:32906983-32906983,AMPL223702361,AAATACCCCTATTGCATATTTCTTCATGTGACCAAAATATTTCAGAAAAAGACCTATTAGACACAGAGAACAAAAGAAAGAAAGATTTTCTTACTTCAGAGAATTCTTTGCCACGTATTTCTAGCCTACCAAAATCAGAGAAGCCATTAAATGAGGAA,http://www.sanger.ac.uk/perl/genetics/CGP/cosmic?action=mut_summary&id=169610
BRCA2_ENST00000544455,ENST00000544455,169611,c.1368G>T,p.E456D,+,13:32906983-32906983,AMPL223702361,AAATACCCCTATTGCATATTTCTTCATGTGACCAAAATATTTCAGAAAAAGACCTATTAGACACAGAGAACAAAAGAAAGAAAGATTTTCTTACTTCAGAGAATTCTTTGCCACGTATTTCTAGCCTACCAAAATCAGAGAAGCCATTAAATGAGGAA,http://www.sanger.ac.uk/perl/genetics/CGP/cosmic?action=mut_summary&id=169611
BRCA2,NM_000059.1,170208,c.5637G>T,p.E1879D,+,13:32914129-32914129,AMPL223963545,GGATAGCCAGTGGTAAAATCGTTTGTGTTTCACATGAAACAATTAAAAAAGTGAAAGACATATTTACAGACAGTTTCAGTAAAGTAATTAAGGAAAACAACGAGAATAAATCAAAAATTTGCCAAACGAAAATTATGGCAGGTTGTTACGA,http://www.sanger.ac.uk/perl/genetics/CGP/cosmic?action=mut_summary&id=170208
BRCA2_ENST00000544455,ENST00000544455,170209,c.5637G>T,p.E1879D,+,13:32914129-32914129,AMPL223963545,GGATAGCCAGTGGTAAAATCGTTTGTGTTTCACATGAAACAATTAAAAAAGTGAAAGACATATTTACAGACAGTTTCAGTAAAGTAATTAAGGAAAACAACGAGAATAAATCAAAAATTTGCCAAACGAAAATTATGGCAGGTTGTTACGA,http://www.sanger.ac.uk/perl/genetics/CGP/cosmic?action=mut_summary&id=170209
BRCA2,NM_000059.1,172148,c.6652G>T,p.D2218Y,+,13:32915144-32915144,AMPL223508272,GAAAAGAACAGGCTTCACCTAAAAACGTAAAAATGGAAATTGGTAAAACTGAAACTTTTTCTGATGTTCCTGTGAAAACAAATATAGAAGTTTGTTCTACTTACTCCAAAGATTCAGAAAACTACTTTGAAACAGAAGCAGTAGAAATTGCTAAAGCTTTTATGGAAG,http://www.sanger.ac.uk/perl/genetics/CGP/cosmic?action=mut_summary&id=172148
BRCA2_ENST00000544455,ENST00000544455,172149,c.6652G>T,p.D2218Y,+,13:32915144-32915144,AMPL223508272,GAAAAGAACAGGCTTCACCTAAAAACGTAAAAATGGAAATTGGTAAAACTGAAACTTTTTCTGATGTTCCTGTGAAAACAAATATAGAAGTTTGTTCTACTTACTCCAAAGATTCAGAAAACTACTTTGAAACAGAAGCAGTAGAAATTGCTAAAGCTTTTATGGAAG,http://www.sanger.ac.uk/perl/genetics/CGP/cosmic?action=mut_summary&id=172149
BRCA2,NM_000059.1,172578,c.145G>T,p.E49*,+,13:32893291-32893291,AMPL223521074,ATAATTCTGAACCTGCAGAAGAATCTGAACATAAAAACAACAATTACGAACCAAACCTATTTAAAACTCCACAAAGGAAACCATCTTATAATCAGCTGGCTTCAACTCCAATAATATTCAAAGAGCAAGGGCTGACTCTGCCGCTGTACCAATCTCCTGTAAAAGAATTAGATAAATTCAAATTAGACTTAGGTAAGTAATGCAATATGGTAGACTGGGGAGA,http://www.sanger.ac.uk/perl/genetics/CGP/cosmic?action=mut_summary&id=172578
BRCA2_ENST00000544455,ENST00000544455,172579,c.145G>T,p.E49*,+,13:32893291-32893291,AMPL223521074,ATAATTCTGAACCTGCAGAAGAATCTGAACATAAAAACAACAATTACGAACCAAACCTATTTAAAACTCCACAAAGGAAACCATCTTATAATCAGCTGGCTTCAACTCCAATAATATTCAAAGAGCAAGGGCTGACTCTGCCGCTGTACCAATCTCCTGTAAAAGAATTAGATAAATTCAAATTAGACTTAGGTAAGTAATGCAATATGGTAGACTGGGGAGA,http://www.sanger.ac.uk/perl/genetics/CGP/cosmic?action=mut_summary&id=172579
BRCA1,NM_007294.1,174297,c.1359G>T,p.E453D,-,17:41246189-41246189,AMPL223787752,GAGGCTTGCCTTCTTCCGATAGGTTTTCCCAAATATTTTGTCTTCAATATTACTCTCTACTGATTTGGAGTGAACTCTTTCACTTTTACATATTAAAGCCTCATGAGGATCACTGGCCAGTAAGTCTATTTTCTCTGAAGAACCAGAATATTCATCTAC,http://www.sanger.ac.uk/perl/genetics/CGP/cosmic?action=mut_summary&id=174297
BRCA2,NM_000059.1,174653,c.6728C>A,p.S2243Y,+,13:32915220-32915220,AMPL223512345,AAAGCTTTTATGGAAGATGATGAACTGACAGATTCTAAACTGCCAAGTCATGCCACACATTCTCTTTTTACATGTCCCGAAAATGAGGAAATGGTTTTGTCAAATTCAAGAATTGGAAAAAGAAGAGGAGAGCCCCTTATCTTAGTGGGTAAGT,http://www.sanger.ac.uk/perl/genetics/CGP/cosmic?action=mut_summary&id=174653
BRCA2_ENST00000544455,ENST00000544455,174654,c.6728C>A,p.S2243Y,+,13:32915220-32915220,AMPL223512345,AAAGCTTTTATGGAAGATGATGAACTGACAGATTCTAAACTGCCAAGTCATGCCACACATTCTCTTTTTACATGTCCCGAAAATGAGGAAATGGTTTTGTCAAATTCAAGAATTGGAAAAAGAAGAGGAGAGCCCCTTATCTTAGTGGGTAAGT,http://www.sanger.ac.uk/perl/genetics/CGP/cosmic?action=mut_summary&id=174654
BRCA2,NM_000059.1,176854,c.7046T>G,p.F2349C,+,13:32929036-32929036,AMPL223640152,AATGAGGGTCTGCAACAAAGGCATATTCCTAAATATTTATATGTGTACTAGTCAATAAACTTATATATTTTCTCCCCATTGCAGCACAACTAAGGAACGTCAAGAGATACAGAATCCAAATTTTACCGCACCTGGTCAAGAATTTCTGTCTAAATCTCATTTGTATGA,http://www.sanger.ac.uk/perl/genetics/CGP/cosmic?action=mut_summary&id=176854
BRCA2_ENST00000544455,ENST00000544455,176855,c.7046T>G,p.F2349C,+,13:32929036-32929036,AMPL223640152,AATGAGGGTCTGCAACAAAGGCATATTCCTAAATATTTATATGTGTACTAGTCAATAAACTTATATATTTTCTCCCCATTGCAGCACAACTAAGGAACGTCAAGAGATACAGAATCCAAATTTTACCGCACCTGGTCAAGAATTTCTGTCTAAATCTCATTTGTATGA,http://www.sanger.ac.uk/perl/genetics/CGP/cosmic?action=mut_summary&id=176855
BRCA2,NM_000059.1,185443,c.522T>C,p.R174R,+,13:32900641-32900641,AMPL225451133,TTTACAAATCTGTACCTAGCATTCTGCCTCATACAGGCAATTCAGTAAACGTTAAGTGAAATAAAGAGTGAATGAAAAAATAATATCCTTAATGATCAGGGCATTTCTATAAAAAATAAACTATTTTCTTTCCTCCCAGGGTCGTCAGACACCAAAACATATT,http://www.sanger.ac.uk/perl/genetics/CGP/cosmic?action=mut_summary&id=185443
BRCA2_ENST00000544455,ENST00000544455,185444,c.522T>C,p.R174R,+,13:32900641-32900641,AMPL225451133,TTTACAAATCTGTACCTAGCATTCTGCCTCATACAGGCAATTCAGTAAACGTTAAGTGAAATAAAGAGTGAATGAAAAAATAATATCCTTAATGATCAGGGCATTTCTATAAAAAATAAACTATTTTCTTTCCTCCCAGGGTCGTCAGACACCAAAACATATT,http://www.sanger.ac.uk/perl/genetics/CGP/cosmic?action=mut_summary&id=185444
BRCA2,NM_000059.1,185448,c.1011C>T,p.N337N,+,13:32906626-32906626,AMPL223697121,TCATTTAAAGTAAATAGCTGCAAAGACCACATTGGAAAGTCAATGCCAAATGTCCTAGAAGATGAAGTATATGAAACAGTTGTAGATACCTCTGAAGAAGATAGTTTTTCATTATGTTTTTCTAAATGTAGAACAAAAAATCTACAAAAAGTAAGAACTAGCAAGACTAGGAAAAAAATTTTCCATGAAGCAAACGCTGATGAATGTGAAAAATCTAAAAACCAAGTGAAAGAAAAAT,http://www.sanger.ac.uk/perl/genetics/CGP/cosmic?action=mut_summary&id=185448
BRCA2_ENST00000544455,ENST00000544455,185449,c.1011C>T,p.N337N,+,13:32906626-32906626,AMPL223697121,TCATTTAAAGTAAATAGCTGCAAAGACCACATTGGAAAGTCAATGCCAAATGTCCTAGAAGATGAAGTATATGAAACAGTTGTAGATACCTCTGAAGAAGATAGTTTTTCATTATGTTTTTCTAAATGTAGAACAAAAAATCTACAAAAAGTAAGAACTAGCAAGACTAGGAAAAAAATTTTCCATGAAGCAAACGCTGATGAATGTGAAAAATCTAAAAACCAAGTGAAAGAAAAAT,http://www.sanger.ac.uk/perl/genetics/CGP/cosmic?action=mut_summary&id=185449
BRCA2,NM_000059.1,185479,c.9154C>T,p.R3052W,+,13:32954180-32954180,AMPL223974027,AACCTTTCATTGTAATTTTTCAGTTTTGATAAGTGCTTGTTAGTTTATGGAATCTCCATATGTTGAATTTTTGTTTTGTTTTCTGTAGGTTTCAGATGAAATTTTATTTCAGATTTACCAGCCACGGGAGCCCCTTCACTTCAGCAAATTTTT,http://www.sanger.ac.uk/perl/genetics/CGP/cosmic?action=mut_summary&id=185479
BRCA2_ENST00000544455,ENST00000544455,185480,c.9154C>T,p.R3052W,+,13:32954180-32954180,AMPL223974027,AACCTTTCATTGTAATTTTTCAGTTTTGATAAGTGCTTGTTAGTTTATGGAATCTCCATATGTTGAATTTTTGTTTTGTTTTCTGTAGGTTTCAGATGAAATTTTATTTCAGATTTACCAGCCACGGGAGCCCCTTCACTTCAGCAAATTTTT,http://www.sanger.ac.uk/perl/genetics/CGP/cosmic?action=mut_summary&id=185480
BRCA2,NM_000059.1,18607,c.5351delA,p.N1784fs*7,+,13:32913837-32913837,AMPL223565001,ATAATGATTCAGGATATCTCTCAAAAAATAAACTTGATTCTGGTATTGAGCCAGTATTGAAGAATGTTGAAGATCAAAAAAACACTAGTTTTTCCAAAGTAATATCCAATGTAAAAGATGCAAATGCATACCCACAAACTGTA,http://www.sanger.ac.uk/perl/genetics/CGP/cosmic?action=mut_summary&id=18607
BRCA2,NM_000059.1,18623,c.3599_3600delGT,p.C1200fs*1,+,13:32912091-32912092,AMPL223950043,TATCTTAAAGACCACTTCTGAGGAATGCAGAGATGCTGATCTTCATGTCATAATGAATGCCCCATCGATTGGTCAGGTAGACAGCAGCAAGCAATTTGAAGGTACAGTTGAAATTAAACGGAAGTTTGCTGGCCTGTTGAAAAATGACTGTAACAAAAGTGCTTCTGGTTATTT,http://www.sanger.ac.uk/perl/genetics/CGP/cosmic?action=mut_summary&id=18623
BRCA1,NM_007294.1,187260,c.5118A>G,p.G1706G,-,17:41215925-41215925,AMPL223644811,TAAAGGGAGGAGGGGAGAAATAGTATTATACTTACAGAAATAGCTAACTACCCATTTTCCTCCCGCAATTCCTAGAAAATATTTCAGTGTCCGTTCACACACAAACTCAGCATCTGCAGAATGAAAAACACTCAAAGGATTAGAAGTTGAAAACAAAATCAGGAAGTGCTG,http://www.sanger.ac.uk/perl/genetics/CGP/cosmic?action=mut_summary&id=187260
BRCA1,NM_007294.1,187264,c.4508C>A,p.S1503*,-,17:41226515-41226515,AMPL223475559,CCTCCACATCAACAACCTTAATGAGCTCCTCTTGAGATGGGTAGTTTCTATTCTGAAGACTCCCAGAGCAACTGTGCATGTACCACCTATCATCTAATGATGGGCATTTAGAAGGGGATGACCTAGAAAGATAAATGGAAGG,http://www.sanger.ac.uk/perl/genetics/CGP/cosmic?action=mut_summary&id=187264
BRCA1,NM_007294.1,187269,c.2719G>A,p.E907K,-,17:41244829-41244829,AMPL223824773,TGATACTACATTTGGCATTATCAACTGGCTTATCTTTCTGACCAACCACAGGAAAGCCTGCAGTGATATTAACTGTCTGTACAGGCTTGATATTAGACTCATTCTTTCCTTGATTTTCTTCCTTTTGTTCACATTCAAAAGTGACTTTTGGACTTTGTTTCTTTAAGGACCCA,http://www.sanger.ac.uk/perl/genetics/CGP/cosmic?action=mut_summary&id=187269
BRCA1,NM_007294.1,187271,c.509G>A,p.R170Q,-,17:41251830-41251830,AMPL223595832,CAATGTAGACAGACGTCTTTTGAGGTTGTATCCGCTGCTTTGTCCTCAGAGTTCTCACAGTTCCAAGGTTAGAGAGTTGGACACTGAGACTGGTTTCCTGCTAAACAGTATGGTAAAGAACAGTCAAGCAATTGTTGGCCAGTTCTGTG,http://www.sanger.ac.uk/perl/genetics/CGP/cosmic?action=mut_summary&id=187271
BRCA2,NM_000059.1,211921,c.8504C>A,p.S2835*,+,13:32945109-32945109,AMPL223390724,GTTATATATGTGACTTTTTTGGTGTGTGTAACACATTATTACAGTGGATGGAGAAGACATCATCTGGATTATACATATTTCGCAATGAAAGAGAGGAAGAAAAGGAAGCAGCAAAATATGTGGAGGCCCAACAAAAGAGACTAGAAGCCTTATTCACTAAAA,http://www.sanger.ac.uk/perl/genetics/CGP/cosmic?action=mut_summary&id=211921
BRCA2_ENST00000544455,ENST00000544455,211922,c.8504C>A,p.S2835*,+,13:32945109-32945109,AMPL223390724,GTTATATATGTGACTTTTTTGGTGTGTGTAACACATTATTACAGTGGATGGAGAAGACATCATCTGGATTATACATATTTCGCAATGAAAGAGAGGAAGAAAAGGAAGCAGCAAAATATGTGGAGGCCCAACAAAAGAGACTAGAAGCCTTATTCACTAAAA,http://www.sanger.ac.uk/perl/genetics/CGP/cosmic?action=mut_summary&id=211922
BRCA2,NM_000059.1,214149,c.7253G>C,p.R2418T,+,13:32929243-32929243,AMPL223655821,AACTAAATCACATTTTCACAGAGTTGAACAGTGTGTTAGGAATATTAACTTGGAGGAAAACAGACAAAAGCAAAACATTGATGGACATGGCTCTGATGATAGTAAAAATAAGATTAATGACAATGAGATTCATCAGTTTAACAAAAACAACTCCAATCAAGCAGTAGCTGTAACTTTCACAAAGTGTGAAGAAGAACCTTTAGGTATTGTATGACAATTTGTGTGATGAATT,http://www.sanger.ac.uk/perl/genetics/CGP/cosmic?action=mut_summary&id=214149
BRCA2_ENST00000544455,ENST00000544455,214150,c.7253G>C,p.R2418T,+,13:32929243-32929243,AMPL223655821,AACTAAATCACATTTTCACAGAGTTGAACAGTGTGTTAGGAATATTAACTTGGAGGAAAACAGACAAAAGCAAAACATTGATGGACATGGCTCTGATGATAGTAAAAATAAGATTAATGACAATGAGATTCATCAGTTTAACAAAAACAACTCCAATCAAGCAGTAGCTGTAACTTTCACAAAGTGTGAAGAAGAACCTTTAGGTATTGTATGACAATTTGTGTGATGAATT,http://www.sanger.ac.uk/perl/genetics/CGP/cosmic?action=mut_summary&id=214150
BRCA2,NM_000059.1,214516,c.9206_9209delGTTC,p.C3069fs*5,+,13:32954232-32954235,AMPL223976001,ATTTTTAGATCCAGACTTTCAGCCATCTTGTTCTGAGGTGGACCTAATAGGATTTGTCGTTTCTGTTGTGAAAAAAACAGGTAATGCACAATATAGTTAATTTTTTTTATTGATTCTTTTAAAAAACATTGTCTTTTAAA,http://www.sanger.ac.uk/perl/genetics/CGP/cosmic?action=mut_summary&id=214516
BRCA2_ENST00000544455,ENST00000544455,214517,c.9206_9209delGTTC,p.C3069fs*5,+,13:32954232-32954235,AMPL223976001,ATTTTTAGATCCAGACTTTCAGCCATCTTGTTCTGAGGTGGACCTAATAGGATTTGTCGTTTCTGTTGTGAAAAAAACAGGTAATGCACAATATAGTTAATTTTTTTTATTGATTCTTTTAAAAAACATTGTCTTTTAAA,http://www.sanger.ac.uk/perl/genetics/CGP/cosmic?action=mut_summary&id=214517
BRCA1,NM_007294.1,219048,c.859_863delAACAG,p.N287fs*6,-,17:41246685-41246689,AMPL223802517,TTACATGTTTCCTTACTTCCAGCCCATCTGTTATGTTGGCTCCTTGCTAAGCCAGGCTGTTTGCTTTTATTACAGAATTCAGCCTTTTCTACATTCATTCTGTCTTTAGTGAGTAATAAACTGCTGTTCTCATGCTGTAAT,http://www.sanger.ac.uk/perl/genetics/CGP/cosmic?action=mut_summary&id=219048
BRCA1,NM_007294.1,219049,c.2446_2456del11,p.H816fs*3,-,17:41245092-41245102,AMPL223419559,TTCCCGACTGTGGTTAACTTCATGTCCCAATGGATACTTAAAGCCTTCTGTGTCATTTCTATTATCTTTGGAACAACCATGAATTAGTCCCTTGGGGTTTTCAAATGCTGCACACTGACTCACACATTTATTTGGTTCTGTTTTTGCCTTCCCT,http://www.sanger.ac.uk/perl/genetics/CGP/cosmic?action=mut_summary&id=219049
BRCA1,NM_007294.1,219050,c.2506G>T,p.E836*,-,17:41245042-41245042,AMPL223419559,TTCCCGACTGTGGTTAACTTCATGTCCCAATGGATACTTAAAGCCTTCTGTGTCATTTCTATTATCTTTGGAACAACCATGAATTAGTCCCTTGGGGTTTTCAAATGCTGCACACTGACTCACACATTTATTTGGTTCTGTTTTTGCCTTCCCT,http://www.sanger.ac.uk/perl/genetics/CGP/cosmic?action=mut_summary&id=219050
BRCA1,NM_007294.1,219051,c.4825G>T,p.E1609*,-,17:41223106-41223106,AMPL223742628,TTCTGGCTTCTCCCTGCTCACACTTTCTTCCATTGCATTATACCCAGCAGTATCAGTAGTATGAGCAGCAGCTGGACTCTGGGCAGATTCTGCAACTTTCAATTGGGGAACTTTCAATGCAGAGGTTGAAGATGG,http://www.sanger.ac.uk/perl/genetics/CGP/cosmic?action=mut_summary&id=219051
BRCA1,NM_007294.1,219054,c.1961_1961delA,p.K654fs*47,-,17:41245587-41245587,AMPL223446640,ACCTTCCATGAGTTGTAGGTTTCTGCTGTGCCTGACTGGCATTTGGTTGTACTTTTTTTTCTTTATCTCTTCACTGCTAGAACAACTATCAATTTGCAATTCAGTACAATTAGGTGGGCTTAGATT,http://www.sanger.ac.uk/perl/genetics/CGP/cosmic?action=mut_summary&id=219054
BRCA2,NM_000059.1,219056,c.2808_2811delACAA,p.A938fs*21,+,13:32911300-32911303,AMPL223943910,GTGTAAACGAACCCATTTTCAAGAACTCTACCATGGTTTTATATGGAGACACAGGTGATAAACAAGCAACCCAAGTGTCAATTAAAAAAGATT,http://www.sanger.ac.uk/perl/genetics/CGP/cosmic?action=mut_summary&id=219056
BRCA2,NM_000059.1,220268,c.1689G>C,p.W563C,+,13:32907304-32907304,AMPL223730984,CCTTATGTCCAAATTTAATTGATAATGGAAGCTGGCCAGCCACCACCACACAGAATTCTGTAGCTTTGAAGAATGCAGGTTTAATATCCACTTTGAAAAAGAAAACAAATAAGTTTATTTATGCTATACATGATGAAACATCTTATAAAGGAAAAAAAATACCGAAAGACCAAAAA,http://www.sanger.ac.uk/perl/genetics/CGP/cosmic?action=mut_summary&id=220268
BRCA2_ENST00000544455,ENST00000544455,220269,c.1689G>C,p.W563C,+,13:32907304-32907304,AMPL223730984,CCTTATGTCCAAATTTAATTGATAATGGAAGCTGGCCAGCCACCACCACACAGAATTCTGTAGCTTTGAAGAATGCAGGTTTAATATCCACTTTGAAAAAGAAAACAAATAAGTTTATTTATGCTATACATGATGAAACATCTTATAAAGGAAAAAAAATACCGAAAGACCAAAAA,http://www.sanger.ac.uk/perl/genetics/CGP/cosmic?action=mut_summary&id=220269
BRCA2,NM_000059.1,223631,c.1405G>A,p.D469N,+,13:32907020-32907020,AMPL223713442,CAGAGAAGCCATTAAATGAGGAAACAGTGGTAAATAAGAGAGATGAAGAGCAGCATCTTGAATCTCATACAGACTGCATTCTTGCAGTAAAGCAGGCAATATCTGGAACTTCTCCAGTGGCTTCTTCATTTCAGGGTATCAAAAAGTCTATATTCAGAATAAG,http://www.sanger.ac.uk/perl/genetics/CGP/cosmic?action=mut_summary&id=223631
BRCA2_ENST00000544455,ENST00000544455,223632,c.1405G>A,p.D469N,+,13:32907020-32907020,AMPL223713442,CAGAGAAGCCATTAAATGAGGAAACAGTGGTAAATAAGAGAGATGAAGAGCAGCATCTTGAATCTCATACAGACTGCATTCTTGCAGTAAAGCAGGCAATATCTGGAACTTCTCCAGTGGCTTCTTCATTTCAGGGTATCAAAAAGTCTATATTCAGAATAAG,http://www.sanger.ac.uk/perl/genetics/CGP/cosmic?action=mut_summary&id=223632
BRCA2,NM_000059.1,223633,c.5808G>A,p.M1936I,+,13:32914300-32914300,AMPL223966767,ACGAGGCATTGGATGATTCAGAGGATATTCTTCATAACTCTCTAGATAATGATGAATGTAGCACGCATTCACATAAGGTTTTTGCTGACATTCAGAGTGAAGAAATTTTACAACATAACCAAAATATGTCTGGATTGGAGAAAGTTTCTAAAATA,http://www.sanger.ac.uk/perl/genetics/CGP/cosmic?action=mut_summary&id=223633
BRCA2_ENST00000544455,ENST00000544455,223634,c.5808G>A,p.M1936I,+,13:32914300-32914300,AMPL223966767,ACGAGGCATTGGATGATTCAGAGGATATTCTTCATAACTCTCTAGATAATGATGAATGTAGCACGCATTCACATAAGGTTTTTGCTGACATTCAGAGTGAAGAAATTTTACAACATAACCAAAATATGTCTGGATTGGAGAAAGTTTCTAAAATA,http://www.sanger.ac.uk/perl/genetics/CGP/cosmic?action=mut_summary&id=223634
BRCA2,NM_000059.1,224729,c.5249C>T,p.S1750F,+,13:32913741-32913741,AMPL223562902,AGCAAAAAAATGGCTTAGAGAAGGAATATTTGATGGTCAACCAGAAAGAATAAATACTGCAGATTATGTAGGAAATTATTTGTATGAAAATAATTCAAACAGTACTATAGCTGAAAATGACAAAAATCATCTCTCCGAAAAACAAGATACTTATTTAAGTAACAGTAGCATGTCTAACAGCTATTCCTACCATTCTGATGAGGTATATAATGATTCAGGATATCTCTCAAAAAATAAACTTG,http://www.sanger.ac.uk/perl/genetics/CGP/cosmic?action=mut_summary&id=224729
BRCA2_ENST00000544455,ENST00000544455,224730,c.5249C>T,p.S1750F,+,13:32913741-32913741,AMPL223562902,AGCAAAAAAATGGCTTAGAGAAGGAATATTTGATGGTCAACCAGAAAGAATAAATACTGCAGATTATGTAGGAAATTATTTGTATGAAAATAATTCAAACAGTACTATAGCTGAAAATGACAAAAATCATCTCTCCGAAAAACAAGATACTTATTTAAGTAACAGTAGCATGTCTAACAGCTATTCCTACCATTCTGATGAGGTATATAATGATTCAGGATATCTCTCAAAAAATAAACTTG,http://www.sanger.ac.uk/perl/genetics/CGP/cosmic?action=mut_summary&id=224730
BRCA2,NM_000059.1,226290,c.6800C>T,p.S2267L,+,13:32915292-32915292,AMPL223512345,AAAGCTTTTATGGAAGATGATGAACTGACAGATTCTAAACTGCCAAGTCATGCCACACATTCTCTTTTTACATGTCCCGAAAATGAGGAAATGGTTTTGTCAAATTCAAGAATTGGAAAAAGAAGAGGAGAGCCCCTTATCTTAGTGGGTAAGT,http://www.sanger.ac.uk/perl/genetics/CGP/cosmic?action=mut_summary&id=226290
BRCA2,NM_000059.1,226290,c.6800C>T,p.S2267L,+,13:32915292-32915292,AMPL223513904,TCAAATTCAAGAATTGGAAAAAGAAGAGGAGAGCCCCTTATCTTAGTGGGTAAGTGTTCATTTTTACCTTTCGTGTTGCCAATCACTATTTTTAAAGTGTTTATTCAGTAGACTTGGTATGCTAACAATTAAG,http://www.sanger.ac.uk/perl/genetics/CGP/cosmic?action=mut_summary&id=226290
BRCA2_ENST00000544455,ENST00000544455,226291,c.6800C>T,p.S2267L,+,13:32915292-32915292,AMPL223512345,AAAGCTTTTATGGAAGATGATGAACTGACAGATTCTAAACTGCCAAGTCATGCCACACATTCTCTTTTTACATGTCCCGAAAATGAGGAAATGGTTTTGTCAAATTCAAGAATTGGAAAAAGAAGAGGAGAGCCCCTTATCTTAGTGGGTAAGT,http://www.sanger.ac.uk/perl/genetics/CGP/cosmic?action=mut_summary&id=226291
BRCA2_ENST00000544455,ENST00000544455,226291,c.6800C>T,p.S2267L,+,13:32915292-32915292,AMPL223513904,TCAAATTCAAGAATTGGAAAAAGAAGAGGAGAGCCCCTTATCTTAGTGGGTAAGTGTTCATTTTTACCTTTCGTGTTGCCAATCACTATTTTTAAAGTGTTTATTCAGTAGACTTGGTATGCTAACAATTAAG,http://www.sanger.ac.uk/perl/genetics/CGP/cosmic?action=mut_summary&id=226291
BRCA2,NM_000059.1,230274,c.4208C>G,p.T1403S,+,13:32912700-32912700,AMPL223538053,TTGTCAGATTTAACTTTTTTGGAAGTTGCGAAAGCTCAAGAAGCATGTCATGGTAATACTTCAAATAAAGAACAGTTAACTGCTACTAAAACGGAGCAAAATATAAAAGATTTTGAGACTTC,http://www.sanger.ac.uk/perl/genetics/CGP/cosmic?action=mut_summary&id=230274
BRCA2_ENST00000544455,ENST00000544455,230275,c.4208C>G,p.T1403S,+,13:32912700-32912700,AMPL223538053,TTGTCAGATTTAACTTTTTTGGAAGTTGCGAAAGCTCAAGAAGCATGTCATGGTAATACTTCAAATAAAGAACAGTTAACTGCTACTAAAACGGAGCAAAATATAAAAGATTTTGAGACTTC,http://www.sanger.ac.uk/perl/genetics/CGP/cosmic?action=mut_summary&id=230275
BRCA2,NM_000059.1,230276,c.6596C>G,p.T2199S,+,13:32915088-32915088,AMPL223508272,GAAAAGAACAGGCTTCACCTAAAAACGTAAAAATGGAAATTGGTAAAACTGAAACTTTTTCTGATGTTCCTGTGAAAACAAATATAGAAGTTTGTTCTACTTACTCCAAAGATTCAGAAAACTACTTTGAAACAGAAGCAGTAGAAATTGCTAAAGCTTTTATGGAAG,http://www.sanger.ac.uk/perl/genetics/CGP/cosmic?action=mut_summary&id=230276
BRCA2_ENST00000544455,ENST00000544455,230277,c.6596C>G,p.T2199S,+,13:32915088-32915088,AMPL223508272,GAAAAGAACAGGCTTCACCTAAAAACGTAAAAATGGAAATTGGTAAAACTGAAACTTTTTCTGATGTTCCTGTGAAAACAAATATAGAAGTTTGTTCTACTTACTCCAAAGATTCAGAAAACTACTTTGAAACAGAAGCAGTAGAAATTGCTAAAGCTTTTATGGAAG,http://www.sanger.ac.uk/perl/genetics/CGP/cosmic?action=mut_summary&id=230277
BRCA2,NM_000059.1,230716,c.7595C>T,p.P2532L,+,13:32930724-32930724,AMPL223514682,ATATGCGAATTAAGAAGAAACAAAGGCAACGCGTCTTTCCACAGCCAGGCAGTCTGTATCTTGCAAAAACATCCACTCTGCCTCGAATCTCTCTGAAAGCAGCAGTAGGAGGCCAAGTTCCCTCTGCGTGTTCTCATAAACAGGT,http://www.sanger.ac.uk/perl/genetics/CGP/cosmic?action=mut_summary&id=230716
BRCA2_ENST00000544455,ENST00000544455,230717,c.7595C>T,p.P2532L,+,13:32930724-32930724,AMPL223514682,ATATGCGAATTAAGAAGAAACAAAGGCAACGCGTCTTTCCACAGCCAGGCAGTCTGTATCTTGCAAAAACATCCACTCTGCCTCGAATCTCTCTGAAAGCAGCAGTAGGAGGCCAAGTTCCCTCTGCGTGTTCTCATAAACAGGT,http://www.sanger.ac.uk/perl/genetics/CGP/cosmic?action=mut_summary&id=230717
BRCA1,NM_007294.1,231847,c.4946G>A,p.R1649K,-,17:41222985-41222985,AMPL223735053,TTCTTCTGGGGTCAGGCCAGACACCACCATGGACATTCTTTTGTTGACCCTTTCTGTTGAAGCTGTCAATTCTGG,http://www.sanger.ac.uk/perl/genetics/CGP/cosmic?action=mut_summary&id=231847
BRCA2,NM_000059.1,231848,c.3670G>A,p.G1224S,+,13:32912162-32912162,AMPL223959719,ATTTAACAGATGAAAATGAAGTGGGGTTTAGGGGCTTTTATTCTGCTCATGGCACAAAACTGAATGTTTCTACTGAAGCTCTGCAAAAAGCTGTGAAACTGTTTAGTGATATTGA,http://www.sanger.ac.uk/perl/genetics/CGP/cosmic?action=mut_summary&id=231848
BRCA2_ENST00000544455,ENST00000544455,231849,c.3670G>A,p.G1224S,+,13:32912162-32912162,AMPL223959719,ATTTAACAGATGAAAATGAAGTGGGGTTTAGGGGCTTTTATTCTGCTCATGGCACAAAACTGAATGTTTCTACTGAAGCTCTGCAAAAAGCTGTGAAACTGTTTAGTGATATTGA,http://www.sanger.ac.uk/perl/genetics/CGP/cosmic?action=mut_summary&id=231849
BRCA2,NM_000059.1,231850,c.6215C>T,p.S2072F,+,13:32914707-32914707,AMPL223968715,TTAGTACAGCAAGTGGAAAGCAAGTTTCCATTTTAGAAAGTTCCTTACACAAAGTTAAGGGAGTGTTAGAGGAATTTGATTTAATCAGAACTGAGCAT,http://www.sanger.ac.uk/perl/genetics/CGP/cosmic?action=mut_summary&id=231850
BRCA2_ENST00000544455,ENST00000544455,231851,c.6215C>T,p.S2072F,+,13:32914707-32914707,AMPL223968715,TTAGTACAGCAAGTGGAAAGCAAGTTTCCATTTTAGAAAGTTCCTTACACAAAGTTAAGGGAGTGTTAGAGGAATTTGATTTAATCAGAACTGAGCAT,http://www.sanger.ac.uk/perl/genetics/CGP/cosmic?action=mut_summary&id=231851
BRCA2,NM_000059.1,234208,c.6475C>T,p.Q2159*,+,13:32914967-32914967,AMPL223505511,GAATTTAAATTATCAAATAACTTAAATGTTGAAGGTGGTTCTTCAGAAAATAATCACTCTATTAAAGTTTCTCCATATCTCTCTCAATTTCAACAAGACAAACAACAGTTGGTATTAGGAACCAAAGTGTCACTTGTTGAGAACATTCATGTTTTGGGAAA,http://www.sanger.ac.uk/perl/genetics/CGP/cosmic?action=mut_summary&id=234208
BRCA2_ENST00000544455,ENST00000544455,234209,c.6475C>T,p.Q2159*,+,13:32914967-32914967,AMPL223505511,GAATTTAAATTATCAAATAACTTAAATGTTGAAGGTGGTTCTTCAGAAAATAATCACTCTATTAAAGTTTCTCCATATCTCTCTCAATTTCAACAAGACAAACAACAGTTGGTATTAGGAACCAAAGTGTCACTTGTTGAGAACATTCATGTTTTGGGAAA,http://www.sanger.ac.uk/perl/genetics/CGP/cosmic?action=mut_summary&id=234209
BRCA1,NM_007294.1,234444,c.4324C>T,p.L1442L,-,17:41234454-41234454,AMPL223718840,GAAGGAGATAAAGGGGAAGGAAAGAATTTTGCTTAAGATATCAGTGTTTGGCCAACAATACACACCTTTTTCTGATGTGCTTTGTTCTGGATTTCGCAGGTCCTCAAGGGCAGAAGAGTCACTTATGATGGAAGGGTAGCTGTTAGAAGGCTGGCTCCCATGCTGTTCTAACACAGCT,http://www.sanger.ac.uk/perl/genetics/CGP/cosmic?action=mut_summary&id=234444
BRCA2,NM_000059.1,234445,c.9801G>A,p.K3267K,+,13:32972451-32972451,AMPL223668583,CCTGTCTCAGCCCAGATGACTTCAAAGTCTTGTAAAGGGGAGAAAGAGATTGATGACCAAAAGAACTGCAAAAAGAGAAGAGCCTTGGATTTCTTGAGTAGACTGCCTTTACCTCCACCTGTTAGTCCCATTTGTACATTTGTTTCTCCGGCTGCACAGAAGGC,http://www.sanger.ac.uk/perl/genetics/CGP/cosmic?action=mut_summary&id=234445
BRCA2_ENST00000544455,ENST00000544455,234446,c.9801G>A,p.K3267K,+,13:32972451-32972451,AMPL223668583,CCTGTCTCAGCCCAGATGACTTCAAAGTCTTGTAAAGGGGAGAAAGAGATTGATGACCAAAAGAACTGCAAAAAGAGAAGAGCCTTGGATTTCTTGAGTAGACTGCCTTTACCTCCACCTGTTAGTCCCATTTGTACATTTGTTTCTCCGGCTGCACAGAAGGC,http://www.sanger.ac.uk/perl/genetics/CGP/cosmic?action=mut_summary&id=234446
BRCA2,NM_000059.1,238982,c.5020A>G,p.S1674G,+,13:32913512-32913512,AMPL223561388,CCCCTTATTCAGTCATTGAAAATTCAGCCTTAGCTTTTTACACAAGTTGTAGTAGAAAAACTTCTGTGAGTCAGACTTCATTACTTGAAGCAAAAAAA,http://www.sanger.ac.uk/perl/genetics/CGP/cosmic?action=mut_summary&id=238982
BRCA2_ENST00000544455,ENST00000544455,238983,c.5020A>G,p.S1674G,+,13:32913512-32913512,AMPL223561388,CCCCTTATTCAGTCATTGAAAATTCAGCCTTAGCTTTTTACACAAGTTGTAGTAGAAAAACTTCTGTGAGTCAGACTTCATTACTTGAAGCAAAAAAA,http://www.sanger.ac.uk/perl/genetics/CGP/cosmic?action=mut_summary&id=238983
BRCA1,NM_007294.1,23923,c.5440delG,p.A1814fs*20,-,17:41199687-41199687,AMPL223551867,GTACATGCAGGCACCTTACCATGGAAGCCATTGTCCTCTGTCCAGGCATCTGGCTGCACAACCACAATTGGGTGGACACCCTGGATCCCCAGGAAGG,http://www.sanger.ac.uk/perl/genetics/CGP/cosmic?action=mut_summary&id=23923
BRCA1,NM_007294.1,23923,c.5440delG,p.A1814fs*20,-,17:41199687-41199687,AMPL223552235,CATGCAGGCACCTTACCATGGAAGCCATTGTCCTCTGTCCAGGCATCTGGCTGCACAACCACAATTGGGTGGACACCCTGGATCCCCAGGAAGGAAA,http://www.sanger.ac.uk/perl/genetics/CGP/cosmic?action=mut_summary&id=23923
BRCA2,NM_000059.1,23925,c.1813_1814insA,p.I605fs*11,+,13:32907428-32907429,AMPL223702682,TATCCACTTTGAAAAAGAAAACAAATAAGTTTATTTATGCTATACATGATGAAACATCTTATAAAGGAAAAAAAATACCGAAAGACCAAAAATCAGAACTAATTAACTGTTCAGCCCAGTTTGAAGCAAATGCTTTTGAAGCACCACTTACATTTGCAAA,http://www.sanger.ac.uk/perl/genetics/CGP/cosmic?action=mut_summary&id=23925
BRCA2,NM_000059.1,23925,c.1813_1814insA,p.I605fs*11,+,13:32907428-32907429,AMPL223730984,CCTTATGTCCAAATTTAATTGATAATGGAAGCTGGCCAGCCACCACCACACAGAATTCTGTAGCTTTGAAGAATGCAGGTTTAATATCCACTTTGAAAAAGAAAACAAATAAGTTTATTTATGCTATACATGATGAAACATCTTATAAAGGAAAAAAAATACCGAAAGACCAAAAA,http://www.sanger.ac.uk/perl/genetics/CGP/cosmic?action=mut_summary&id=23925
BRCA2,NM_000059.1,23927,c.7243C>A,p.H2415N,+,13:32929233-32929233,AMPL223655821,AACTAAATCACATTTTCACAGAGTTGAACAGTGTGTTAGGAATATTAACTTGGAGGAAAACAGACAAAAGCAAAACATTGATGGACATGGCTCTGATGATAGTAAAAATAAGATTAATGACAATGAGATTCATCAGTTTAACAAAAACAACTCCAATCAAGCAGTAGCTGTAACTTTCACAAAGTGTGAAGAAGAACCTTTAGGTATTGTATGACAATTTGTGTGATGAATT,http://www.sanger.ac.uk/perl/genetics/CGP/cosmic?action=mut_summary&id=23927
BRCA2,NM_000059.1,23928,c.4092_4093delAT,p.I1364fs*3,+,13:32912584-32912585,AMPL223536535,TTAGAATTTGATGGCAGTGATTCAAGTAAAAATGATACTGTTTGTATTCATAAAGATGAAACGGACTTGCTATTTACTGATCAGCACAACATATGTCTTAAATTATCTGGCCAGTTTATGAAGGAGGGAAACACTCAGATTAAAGAAGATTTGTCAGATTTAAC,http://www.sanger.ac.uk/perl/genetics/CGP/cosmic?action=mut_summary&id=23928
BRCA2,NM_000059.1,23929,c.5350_5351insA,p.N1784fs*3,+,13:32913842-32913843,AMPL223565001,ATAATGATTCAGGATATCTCTCAAAAAATAAACTTGATTCTGGTATTGAGCCAGTATTGAAGAATGTTGAAGATCAAAAAAACACTAGTTTTTCCAAAGTAATATCCAATGTAAAAGATGCAAATGCATACCCACAAACTGTA,http://www.sanger.ac.uk/perl/genetics/CGP/cosmic?action=mut_summary&id=23929
BRCA2,NM_000059.1,23930,c.68-7delT,p.?,+,13:32893207-32893207,AMPL223519297,AAGGTGGGATTTTTTTTTTAAATAGATTTAGGACCAATAAGTCTTAATTGGTTTGAAGAACTTTCTTCAGAAGCTCCACCCTATAATTC,http://www.sanger.ac.uk/perl/genetics/CGP/cosmic?action=mut_summary&id=23930
BRCA1,NM_007294.1,23931,c.3548_3549delAA,p.K1183fs*4,-,17:41243999-41244000,AMPL223772396,CCCTGAGCCAAATGTGTATGGGTGAAAGGGCTAGGACTCCTGCTAAGCTCTCCTTTCTGGACGCTTTTGCTAAAAACAGCAGAACTTTCCTTAATGTCATTTTCAGCAAAACTAGTATCTTCCTTTATTTCACCATCATCTAACAGGTCATCAGGTGTC,http://www.sanger.ac.uk/perl/genetics/CGP/cosmic?action=mut_summary&id=23931
BRCA1,NM_007294.1,23933,c.3026C>A,p.S1009*,-,17:41244522-41244522,AMPL223779507,GTACTTGGAATGTTCTCATTTCCCATTTCTCTTTCAGGTGACATTGAATGTTCCTCAAAGTTTTCCTCTAGCAGATTTTTCTTACATTTAGTTTTAACAAATGACTTGATGGGAAAAAGTGGTGGTATACGATATGGGTTTTGTAAAAGTCCATGTT,http://www.sanger.ac.uk/perl/genetics/CGP/cosmic?action=mut_summary&id=23933
BRCA1,NM_007294.1,23934,c.2773_2774insA,p.I925fs*13,-,17:41244774-41244775,AMPL223824773,TGATACTACATTTGGCATTATCAACTGGCTTATCTTTCTGACCAACCACAGGAAAGCCTGCAGTGATATTAACTGTCTGTACAGGCTTGATATTAGACTCATTCTTTCCTTGATTTTCTTCCTTTTGTTCACATTCAAAAGTGACTTTTGGACTTTGTTTCTTTAAGGACCCA,http://www.sanger.ac.uk/perl/genetics/CGP/cosmic?action=mut_summary&id=23934
BRCA2,NM_000059.1,23935,c.5046T>C,p.S1682S,+,13:32913538-32913538,AMPL223561388,CCCCTTATTCAGTCATTGAAAATTCAGCCTTAGCTTTTTACACAAGTTGTAGTAGAAAAACTTCTGTGAGTCAGACTTCATTACTTGAAGCAAAAAAA,http://www.sanger.ac.uk/perl/genetics/CGP/cosmic?action=mut_summary&id=23935
BRCA2,NM_000059.1,23936,c.4014C>T,p.G1338G,+,13:32912506-32912506,AMPL223535414,ATATTACAAAATAATATTGAAATGACTACTGGCACTTTTGTTGAAGAAATTACTGAAAATTACAAGAGAAATACTGAAAATGAAGATAACAAATATACTGCTGCCAGTAGAAATTCTCATAACTTAGAATTTGATGGCAGTGATTCAAGTAAAAATGATACTGTTTGTATTCATAA,http://www.sanger.ac.uk/perl/genetics/CGP/cosmic?action=mut_summary&id=23936
BRCA2,NM_000059.1,23936,c.4014C>T,p.G1338G,+,13:32912506-32912506,AMPL223536535,TTAGAATTTGATGGCAGTGATTCAAGTAAAAATGATACTGTTTGTATTCATAAAGATGAAACGGACTTGCTATTTACTGATCAGCACAACATATGTCTTAAATTATCTGGCCAGTTTATGAAGGAGGGAAACACTCAGATTAAAGAAGATTTGTCAGATTTAAC,http://www.sanger.ac.uk/perl/genetics/CGP/cosmic?action=mut_summary&id=23936
BRCA2,NM_000059.1,23937,c.5962G>A,p.V1988I,+,13:32914454-32914454,AMPL223961153,TCTGCAAATACTTGTGGGATTTTTAGCACAGCAAGTGGAAAATCTGTCCAGGTATCAGATGCTTCATTACAAAACGCAAGACAAGTGTTTTCTGAAATAGAAG,http://www.sanger.ac.uk/perl/genetics/CGP/cosmic?action=mut_summary&id=23937
BRCA2,NM_000059.1,23938,c.8524C>T,p.R2842C,+,13:32945129-32945129,AMPL223390724,GTTATATATGTGACTTTTTTGGTGTGTGTAACACATTATTACAGTGGATGGAGAAGACATCATCTGGATTATACATATTTCGCAATGAAAGAGAGGAAGAAAAGGAAGCAGCAAAATATGTGGAGGCCCAACAAAAGAGACTAGAAGCCTTATTCACTAAAA,http://www.sanger.ac.uk/perl/genetics/CGP/cosmic?action=mut_summary&id=23938
BRCA2,NM_000059.1,23939,c.75_76insCCAATGA,p.I27fs*6,+,13:32893221-32893222,AMPL223519297,AAGGTGGGATTTTTTTTTTAAATAGATTTAGGACCAATAAGTCTTAATTGGTTTGAAGAACTTTCTTCAGAAGCTCCACCCTATAATTC,http://www.sanger.ac.uk/perl/genetics/CGP/cosmic?action=mut_summary&id=23939
BRCA1,NM_007294.1,23942,c.2450delG,p.G817fs*29,-,17:41245098-41245098,AMPL223419559,TTCCCGACTGTGGTTAACTTCATGTCCCAATGGATACTTAAAGCCTTCTGTGTCATTTCTATTATCTTTGGAACAACCATGAATTAGTCCCTTGGGGTTTTCAAATGCTGCACACTGACTCACACATTTATTTGGTTCTGTTTTTGCCTTCCCT,http://www.sanger.ac.uk/perl/genetics/CGP/cosmic?action=mut_summary&id=23942
BRCA1,NM_007294.1,23943,c.2269delG,p.V757fs*8,-,17:41245279-41245279,AMPL223445345,TTCCCTAGAGTGCTAACTTCCAGTAACGAGATACTTTCCTGAGTGCCATAATCAGTACCAGGTACCAATGAAATACTGCTACTCTCTACAGATCTTTCAGTTTGCAAAACCCTTTCTCCACT,http://www.sanger.ac.uk/perl/genetics/CGP/cosmic?action=mut_summary&id=23943
BRCA1,NM_007294.1,23947,c.1960_1961insA,p.Y655fs*18,-,17:41245587-41245588,AMPL223446640,ACCTTCCATGAGTTGTAGGTTTCTGCTGTGCCTGACTGGCATTTGGTTGTACTTTTTTTTCTTTATCTCTTCACTGCTAGAACAACTATCAATTTGCAATTCAGTACAATTAGGTGGGCTTAGATT,http://www.sanger.ac.uk/perl/genetics/CGP/cosmic?action=mut_summary&id=23947
BRCA2,NM_000059.1,23949,c.1217delC,p.Q407fs*23,+,13:32906832-32906832,AMPL223712318,AATCTCCAAGGAAGTTGTACCGTCTTTGGCCTGTGAATGGTCTCAACTAACCCTTTCAGGTCTAAATGGAGCCCAGATGGAGAAAATAC,http://www.sanger.ac.uk/perl/genetics/CGP/cosmic?action=mut_summary&id=23949
BRCA2,NM_000059.1,23950,c.5555delT,p.C1853fs*10,+,13:32914047-32914047,AMPL223963545,GGATAGCCAGTGGTAAAATCGTTTGTGTTTCACATGAAACAATTAAAAAAGTGAAAGACATATTTACAGACAGTTTCAGTAAAGTAATTAAGGAAAACAACGAGAATAAATCAAAAATTTGCCAAACGAAAATTATGGCAGGTTGTTACGA,http://www.sanger.ac.uk/perl/genetics/CGP/cosmic?action=mut_summary&id=23950
BRCA2,NM_000059.1,23952,c.4058_4065delAAACGGAC,p.E1353fs*5,+,13:32912550-32912557,AMPL223536535,TTAGAATTTGATGGCAGTGATTCAAGTAAAAATGATACTGTTTGTATTCATAAAGATGAAACGGACTTGCTATTTACTGATCAGCACAACATATGTCTTAAATTATCTGGCCAGTTTATGAAGGAGGGAAACACTCAGATTAAAGAAGATTTGTCAGATTTAAC,http://www.sanger.ac.uk/perl/genetics/CGP/cosmic?action=mut_summary&id=23952
BRCA1,NM_007294.1,23958,c.1116G>A,p.W372*,-,17:41246432-41246432,AMPL223784919,TTCTGAATGCTGCTATTTAGTGTTATCCAAGGAACATCTTCAGTATCTCTAGGATTCTCTGAGCATGGCAGTTTCTGCTTATTCCATTCTTTTCTCTCACACAGGGGATCAGCATTCAGATCTACCTTTTTTTCTGTGCTGGGAGTCCGCCTATCATTACA,http://www.sanger.ac.uk/perl/genetics/CGP/cosmic?action=mut_summary&id=23958
BRCA1,NM_007294.1,23959,c.3862delG,p.E1288fs*19,-,17:41243686-41243686,AMPL223833516,CAATTCACTGCACTGTGAAGAAAACAAGCTAGCAGAACATTTTGTTTCCTCACTAAGGTGATGTTCCTGAGATGCCTTTGCCAATATTACCTGGTTACTGCAGTCATTTAAGCTATTCTTCAATGATAATAAATTCTCCTCTGTGTTCTTAGACAGACACTCGGTAGCAACGG,http://www.sanger.ac.uk/perl/genetics/CGP/cosmic?action=mut_summary&id=23959
BRCA2,NM_000059.1,243228,c.1104A>G,p.S368S,+,13:32906719-32906719,AMPL223708535,AAAACCAAGTGAAAGAAAAATACTCATTTGTATCTGAAGTGGAACCAAATGATACTGATCCATTAGATTCAAATGTAGCAAATCAGAAGCCCTTTGAGAGTGGAAGTGACAAAATCTCC,http://www.sanger.ac.uk/perl/genetics/CGP/cosmic?action=mut_summary&id=243228
BRCA2_ENST00000544455,ENST00000544455,243229,c.1104A>G,p.S368S,+,13:32906719-32906719,AMPL223708535,AAAACCAAGTGAAAGAAAAATACTCATTTGTATCTGAAGTGGAACCAAATGATACTGATCCATTAGATTCAAATGTAGCAAATCAGAAGCCCTTTGAGAGTGGAAGTGACAAAATCTCC,http://www.sanger.ac.uk/perl/genetics/CGP/cosmic?action=mut_summary&id=243229
BRCA2,NM_000059.1,24506,c.9285C>A,p.D3095E,+,13:32968854-32968854,AMPL223655460,GTCTATTTGTCAGACGAATGTTACAATTTACTGGCAATAAAGTTTTGGATAGACCTTAATGAGGACATTATTAAGCCTCATATGTTAATTGCTGCAAGCAACCTCCAGTGGCGACCAGAATCCAAATCAGGCCTTCTTACTTTA,http://www.sanger.ac.uk/perl/genetics/CGP/cosmic?action=mut_summary&id=24506
BRCA2,NM_000059.1,24507,c.2654delA,p.D885fs*10,+,13:32911146-32911146,AMPL223938554,ATACATGAGAGTAGCATCACCTTCAAGAAAGGTACAATTCAACCAAAACACAAATCTAAGAGTAATCCAAAAAAATCAAGAAGAAACTACTTCAATTTCAAAAATAACTGTCAATCCAGACTCTGAAGAACTTTTCTCAGACAATGAGAATAA,http://www.sanger.ac.uk/perl/genetics/CGP/cosmic?action=mut_summary&id=24507
BRCA2,NM_000059.1,24511,c.1063G>C,p.V355L,+,13:32906678-32906678,AMPL223708535,AAAACCAAGTGAAAGAAAAATACTCATTTGTATCTGAAGTGGAACCAAATGATACTGATCCATTAGATTCAAATGTAGCAAATCAGAAGCCCTTTGAGAGTGGAAGTGACAAAATCTCC,http://www.sanger.ac.uk/perl/genetics/CGP/cosmic?action=mut_summary&id=24511
BRCA2,NM_000059.1,24512,c.1889C>T,p.T630I,+,13:32907504-32907504,AMPL223702682,TATCCACTTTGAAAAAGAAAACAAATAAGTTTATTTATGCTATACATGATGAAACATCTTATAAAGGAAAAAAAATACCGAAAGACCAAAAATCAGAACTAATTAACTGTTCAGCCCAGTTTGAAGCAAATGCTTTTGAAGCACCACTTACATTTGCAAA,http://www.sanger.ac.uk/perl/genetics/CGP/cosmic?action=mut_summary&id=24512
BRCA2,NM_000059.1,24516,c.9309A>G,p.I3103M,+,13:32968878-32968878,AMPL223655460,GTCTATTTGTCAGACGAATGTTACAATTTACTGGCAATAAAGTTTTGGATAGACCTTAATGAGGACATTATTAAGCCTCATATGTTAATTGCTGCAAGCAACCTCCAGTGGCGACCAGAATCCAAATCAGGCCTTCTTACTTTA,http://www.sanger.ac.uk/perl/genetics/CGP/cosmic?action=mut_summary&id=24516
BRCA2,NM_000059.1,24517,c.10070C>G,p.T3357R,+,13:32972720-32972720,AMPL223695109,GATAAATACCCAAGCTCTTTTGTCTGGTTCAACAGGAGAAAAACAATTTATATCTGTCAGTGAATCCACTAGGACTGCTCCCACCAGTTCAGAAGATTATCTCAGACTGAAACGACGTTGTACTAC,http://www.sanger.ac.uk/perl/genetics/CGP/cosmic?action=mut_summary&id=24517
BRCA1,NM_007294.1,24519,c.134+1G>T,p.?,-,17:41267742-41267742,AMPL225279430,ATTTTTCGTTCTCACTTAATTGAAGAAAGTAAAGCTTCTATAAAGTTAGGTGTTTCCTGGGTTATGAAGGACAAAAACAAAAGCTAATAATGGAGCCACATAACACATTCAAACTTACTTGCAAAATATGTGGTCACAC,http://www.sanger.ac.uk/perl/genetics/CGP/cosmic?action=mut_summary&id=24519
BRCA1,NM_007294.1,24520,c.5278-1G>T,p.?,-,17:41203135-41203135,AMPL225467112,GGGCATGTTGGTGAAGGGCCCATAGCAACAGATTTCTAGCCCCCTGAAGATCTGGAAGAAGAGAGGAAGAGAGAGGGACAGGGGAATGGAGAGAAGGAAAATCTAGTTATAAAAGAATATTGGCTTTTATTCAAAAAACAGACTTTCAAAAAGGAAGAGCTTTTCTTTTTC,http://www.sanger.ac.uk/perl/genetics/CGP/cosmic?action=mut_summary&id=24520
BRCA2,NM_000059.1,24524,c.3638delA,p.V1214fs*14,+,13:32912130-32912130,AMPL223959719,ATTTAACAGATGAAAATGAAGTGGGGTTTAGGGGCTTTTATTCTGCTCATGGCACAAAACTGAATGTTTCTACTGAAGCTCTGCAAAAAGCTGTGAAACTGTTTAGTGATATTGA,http://www.sanger.ac.uk/perl/genetics/CGP/cosmic?action=mut_summary&id=24524
BRCA2,NM_000059.1,24525,c.9248_9256del9,p.?,+,13:32954274-32954289,AMPL223976001,ATTTTTAGATCCAGACTTTCAGCCATCTTGTTCTGAGGTGGACCTAATAGGATTTGTCGTTTCTGTTGTGAAAAAAACAGGTAATGCACAATATAGTTAATTTTTTTTATTGATTCTTTTAAAAAACATTGTCTTTTAAA,http://www.sanger.ac.uk/perl/genetics/CGP/cosmic?action=mut_summary&id=24525
BRCA1,NM_007294.1,24526,c.32_33insC,p.Q12fs*5,-,17:41276081-41276082,AMPL223413081,GGACACTCTAAGATTTTCTGCATAGCATTAATGACATTTTGTACTTCTTCAACGCGAAGAGCAGATAAATCCATTTC,http://www.sanger.ac.uk/perl/genetics/CGP/cosmic?action=mut_summary&id=24526
BRCA1,NM_007294.1,24528,c.5173G>T,p.E1725*,-,17:41215370-41215370,AMPL223567715,AGGAAGCAAATACATTTTTAACTATATGACTGAATGAATATCTCTGGTTAGTTTGTAACATCAAGTACTTACCTCATTCAGCATTTTTCTTTCTTTAATAGACTGGGTCACCCCTAAAGAGATCATAGAAAAGACAGGTTACATACAGCAGAAGAACGTGCTCTTTTCACGGAGATAGAGA,http://www.sanger.ac.uk/perl/genetics/CGP/cosmic?action=mut_summary&id=24528
BRCA1,NM_007294.1,24529,c.5383_5384insT,p.S1796fs*34,-,17:41201160-41201161,AMPL223384214,CCAGTCTTGCTCACAGGAGAGAATATTGTGTCCTCCCTCTCTGACAGGGCACCCAATACTTACTGTGCCAAGGGTGAATGATGAAAGCTCCTTCACCACAGAAGCACCACACAGCTGTACCATCCATTCCAGTTGATCTAAAATGGACATTTAGATGTAAAATCACTGCAGTAATCTGCA,http://www.sanger.ac.uk/perl/genetics/CGP/cosmic?action=mut_summary&id=24529
BRCA1,NM_007294.1,24626,c.2604_2605insGTCA,p.F869fs*35,-,17:41244943-41244944,AMPL223846208,CCCAGAGTGGGCAGAGAATGTTGCACATTCCTCTTCTGCATTTCCTGGATTTGAAAACGGAGCAAATGACTGGCGCTTTGAAACCTTGAATGTATTCTGCAAATACTGAGCATCAAGTTCACTTTCTTCCATTTCTATGCTTGTTTCCCG,http://www.sanger.ac.uk/perl/genetics/CGP/cosmic?action=mut_summary&id=24626
BRCA1,NM_007294.1,249516,c.2684A>G,p.Q895R,-,17:41244864-41244864,AMPL223824773,TGATACTACATTTGGCATTATCAACTGGCTTATCTTTCTGACCAACCACAGGAAAGCCTGCAGTGATATTAACTGTCTGTACAGGCTTGATATTAGACTCATTCTTTCCTTGATTTTCTTCCTTTTGTTCACATTCAAAAGTGACTTTTGGACTTTGTTTCTTTAAGGACCCA,http://www.sanger.ac.uk/perl/genetics/CGP/cosmic?action=mut_summary&id=249516
BRCA2,NM_000059.1,26515,c.5946delT,p.S1982fs*22,+,13:32914438-32914438,AMPL223961153,TCTGCAAATACTTGTGGGATTTTTAGCACAGCAAGTGGAAAATCTGTCCAGGTATCAGATGCTTCATTACAAAACGCAAGACAAGTGTTTTCTGAAATAGAAG,http://www.sanger.ac.uk/perl/genetics/CGP/cosmic?action=mut_summary&id=26515
BRCA2,NM_000059.1,26820,c.9382C>T,p.R3128*,+,13:32968951-32968951,AMPL223655460,GTCTATTTGTCAGACGAATGTTACAATTTACTGGCAATAAAGTTTTGGATAGACCTTAATGAGGACATTATTAAGCCTCATATGTTAATTGCTGCAAGCAACCTCCAGTGGCGACCAGAATCCAAATCAGGCCTTCTTACTTTA,http://www.sanger.ac.uk/perl/genetics/CGP/cosmic?action=mut_summary&id=26820
BRCA2,NM_000059.1,28395,c.4084delC,p.H1362fs*12,+,13:32912576-32912576,AMPL223536535,TTAGAATTTGATGGCAGTGATTCAAGTAAAAATGATACTGTTTGTATTCATAAAGATGAAACGGACTTGCTATTTACTGATCAGCACAACATATGTCTTAAATTATCTGGCCAGTTTATGAAGGAGGGAAACACTCAGATTAAAGAAGATTTGTCAGATTTAAC,http://www.sanger.ac.uk/perl/genetics/CGP/cosmic?action=mut_summary&id=28395
BRCA2,NM_000059.1,29752,c.8800C>T,p.Q2934*,+,13:32953499-32953499,AMPL223492069,GCAGTTAAGAGCCTTGAATAATCACAGGCAAATGTTGAATGATAAGAAACAAGCTCAGATCCAGTTGGAAATTAGGAAGGCCATGGAATCTGCTGAACAAAAGGAACAAGGTTTATC,http://www.sanger.ac.uk/perl/genetics/CGP/cosmic?action=mut_summary&id=29752
BRCA2,NM_000059.1,29753,c.3860delA,p.N1287fs*6,+,13:32912352-32912352,AMPL223960586,TATTGAGAATATTAGTGAGGAAACTTCTGCAGAGGTACATCCAATAAGTTTATCTTCAAGTAAATGTCATGATTCTGTTGTTTCAATGTTTAAGATAGAAAATCATAATGATAAAACTGTAAGTGAAAAAAATAATAAATGCCAACTGATATTACAAAATAATA,http://www.sanger.ac.uk/perl/genetics/CGP/cosmic?action=mut_summary&id=29753
BRCA2,NM_000059.1,29797,c.4285_4286insT,p.Q1429fs*9,+,13:32912777-32912778,AMPL223539987,ATAAAAGATTTTGAGACTTCTGATACATTTTTTCAGACTGCAAGTGGGAAAAATATTAGTGTCGCCAAAGAGTCATTTAATAAAATTGTAAATT,http://www.sanger.ac.uk/perl/genetics/CGP/cosmic?action=mut_summary&id=29797
BRCA2,NM_000059.1,29798,c.5465_5466insA,p.N1822fs*2,+,13:32913957-32913958,AMPL223959466,ACTGTAAATGAAGATATTTGCGTTGAGGAACTTGTGACTAGCTCTTCACCCTGCAAAAATAAAAATGCAGCCATTAAATTGTCCATATCTAATAGTAATAATTTTGAGGTAGGGCCACCTGCATTTAGGAT,http://www.sanger.ac.uk/perl/genetics/CGP/cosmic?action=mut_summary&id=29798
BRCA1,NM_007294.1,33259,c.2274G>C,p.L758F,-,17:41245274-41245274,AMPL223445345,TTCCCTAGAGTGCTAACTTCCAGTAACGAGATACTTTCCTGAGTGCCATAATCAGTACCAGGTACCAATGAAATACTGCTACTCTCTACAGATCTTTCAGTTTGCAAAACCCTTTCTCCACT,http://www.sanger.ac.uk/perl/genetics/CGP/cosmic?action=mut_summary&id=33259
BRCA1,NM_007294.1,33563,c.2332G>T,p.G778C,-,17:41245216-41245216,AMPL223445345,TTCCCTAGAGTGCTAACTTCCAGTAACGAGATACTTTCCTGAGTGCCATAATCAGTACCAGGTACCAATGAAATACTGCTACTCTCTACAGATCTTTCAGTTTGCAAAACCCTTTCTCCACT,http://www.sanger.ac.uk/perl/genetics/CGP/cosmic?action=mut_summary&id=33563
BRCA2,NM_000059.1,34219,c.559G>A,p.E187K,+,13:32900678-32900678,AMPL223384089,CATATTTCTGAAAGTCTAGGAGCTGAGGTGGATCCTGATATGTCTTGGTCAAGTTCTTTAGCTACACCACCCACCCTTAGTTCTACTGTGCTCATAGGTAATAATAGCAAATGTGTATTTACA,http://www.sanger.ac.uk/perl/genetics/CGP/cosmic?action=mut_summary&id=34219
BRCA2,NM_000059.1,35334,c.2758C>T,p.P920S,+,13:32911250-32911250,AMPL223943910,GTGTAAACGAACCCATTTTCAAGAACTCTACCATGGTTTTATATGGAGACACAGGTGATAAACAAGCAACCCAAGTGTCAATTAAAAAAGATT,http://www.sanger.ac.uk/perl/genetics/CGP/cosmic?action=mut_summary&id=35334
BRCA2,NM_000059.1,35375,c.3050T>G,p.I1017S,+,13:32911542-32911542,AMPL223938949,CCAATTTCAAATCACAGTTTTGGAGGTAGCTTCAGAACAGCTTCAAATAAGGAAATCAAGCTCTCTGAACATAACATTAAGAAGAGCAAAATGTTCTTCAAAGATATTGAAGAACAATATCCTACTAGTTTAGCTTGTGTTGAAATTGTAAATACCTTGGCATT,http://www.sanger.ac.uk/perl/genetics/CGP/cosmic?action=mut_summary&id=35375
BRCA2,NM_000059.1,35423,c.53G>A,p.R18H,+,13:32890650-32890650,AMPL223487194,TCTTCTGTTTTGCAGACTTATTTACCAAGCATTGGAGGAATATCGTAGGTAAAAATGCCTATTGGATCCAAAGAGAGGCCAACATTTTTTGAAATTTTTAAGACACGCTGCAACAAAGCAGGTATTGACAAATTTTATATAACTTTATAAATTACACCGAGAAAGTGTTTTCTAAAA,http://www.sanger.ac.uk/perl/genetics/CGP/cosmic?action=mut_summary&id=35423
BRCA1,NM_007294.1,35683,c.1344C>T,p.H448H,-,17:41246204-41246204,AMPL223787752,GAGGCTTGCCTTCTTCCGATAGGTTTTCCCAAATATTTTGTCTTCAATATTACTCTCTACTGATTTGGAGTGAACTCTTTCACTTTTACATATTAAAGCCTCATGAGGATCACTGGCCAGTAAGTCTATTTTCTCTGAAGAACCAGAATATTCATCTAC,http://www.sanger.ac.uk/perl/genetics/CGP/cosmic?action=mut_summary&id=35683
BRCA1,NM_007294.1,35891,c.5263_5264insC,p.Q1756fs*74,-,17:41209082-41209083,AMPL223712774,GCAAAGGGGAGTGGAATACAGAGTGGTGGGGTGAGATTTTTGTCAACTTGAGGGAGGGAGCTTTACCTTTCTGTCCTGGGATTCTCTTGCTCGCTTTGGACCTTGGTGGTTTCTTCCATTGACCACATCTCCTCTGACTTCAAAATCATGCTGAAAGAAACCAAACACAACCCATC,http://www.sanger.ac.uk/perl/genetics/CGP/cosmic?action=mut_summary&id=35891
BRCA1,NM_007294.1,35892,c.2169delT,p.P724fs*12,-,17:41245379-41245379,AMPL223472632,TCCACTTAACATGAGATCTTTGGGGTCTTCAGCATTATTAGACACTTTAACTGTTTCTAGTTTCTCTTCTTTTTCTTCTCTTGGAAGGCTAGGATTGACAAATTCTTTAAGTTCACTGGTA,http://www.sanger.ac.uk/perl/genetics/CGP/cosmic?action=mut_summary&id=35892
BRCA1,NM_007294.1,35893,c.66_67delAG,p.E23fs*17,-,17:41276047-41276048,AMPL223412702,TCATTTGCATAGGAGATAATCATAGGAATCCCAAATTAATACACTCTTGTGCTGACTTACCAGATGGGACACTCTAAGATTTTCTGCATAGCATTAA,http://www.sanger.ac.uk/perl/genetics/CGP/cosmic?action=mut_summary&id=35893
BRCA1,NM_007294.1,35894,c.3418A>G,p.S1140G,-,17:41244130-41244130,AMPL223794189,GTGTCTCAGAACAAACCTGAGATGCATGACTACTTCCCATAGGCTGTTCTAAGTTATCTGAAATCAGATATGGAGAGAAATCTGTATTAACAGTCTGAACTACTTCTTCATATTCTTGCTTTTTTATTTCAGGATGCTTACAATTACTTCCAGGAAGACTTTGT,http://www.sanger.ac.uk/perl/genetics/CGP/cosmic?action=mut_summary&id=35894
BRCA1,NM_007294.1,35895,c.5277+1G>A,p.?,-,17:41209068-41209068,AMPL223712774,GCAAAGGGGAGTGGAATACAGAGTGGTGGGGTGAGATTTTTGTCAACTTGAGGGAGGGAGCTTTACCTTTCTGTCCTGGGATTCTCTTGCTCGCTTTGGACCTTGGTGGTTTCTTCCATTGACCACATCTCCTCTGACTTCAAAATCATGCTGAAAGAAACCAAACACAACCCATC,http://www.sanger.ac.uk/perl/genetics/CGP/cosmic?action=mut_summary&id=35895
BRCA1,NM_007294.1,48262,c.3229G>T,p.G1077W,-,17:41244319-41244319,AMPL223807632,CTTTGTTTATAGACCTCAGGTTGCAAAACCCCTAATCTAAGCATAGCATTCAATTTTGGCCCTCTGTTTCT,http://www.sanger.ac.uk/perl/genetics/CGP/cosmic?action=mut_summary&id=48262
BRCA2,NM_000059.1,48264,c.8034G>T,p.R2678S,+,13:32937373-32937373,AMPL223521635,CTTCCTAAAATATGCATTTTTGTTTTCACTTTTAGATATGATACGGAAATTGATAGAAGCAGAAGATCGGCTATAAAAAAGATAATGGAAAGGGATGACACAGCTGCAAAAACACTTGTTC,http://www.sanger.ac.uk/perl/genetics/CGP/cosmic?action=mut_summary&id=48264
BRCA1,NM_007294.1,51255,c.5266_5267insC,p.Q1756fs*74,-,17:41209079-41209080,AMPL223712774,GCAAAGGGGAGTGGAATACAGAGTGGTGGGGTGAGATTTTTGTCAACTTGAGGGAGGGAGCTTTACCTTTCTGTCCTGGGATTCTCTTGCTCGCTTTGGACCTTGGTGGTTTCTTCCATTGACCACATCTCCTCTGACTTCAAAATCATGCTGAAAGAAACCAAACACAACCCATC,http://www.sanger.ac.uk/perl/genetics/CGP/cosmic?action=mut_summary&id=51255
BRCA1,NM_007294.1,51256,c.5251C>T,p.R1751*,-,17:41209095-41209095,AMPL223712774,GCAAAGGGGAGTGGAATACAGAGTGGTGGGGTGAGATTTTTGTCAACTTGAGGGAGGGAGCTTTACCTTTCTGTCCTGGGATTCTCTTGCTCGCTTTGGACCTTGGTGGTTTCTTCCATTGACCACATCTCCTCTGACTTCAAAATCATGCTGAAAGAAACCAAACACAACCCATC,http://www.sanger.ac.uk/perl/genetics/CGP/cosmic?action=mut_summary&id=51256
BRCA1,NM_007294.1,68967,c.5129delG,p.G1710fs*4,-,17:41215914-41215914,AMPL223644811,TAAAGGGAGGAGGGGAGAAATAGTATTATACTTACAGAAATAGCTAACTACCCATTTTCCTCCCGCAATTCCTAGAAAATATTTCAGTGTCCGTTCACACACAAACTCAGCATCTGCAGAATGAAAAACACTCAAAGGATTAGAAGTTGAAAACAAAATCAGGAAGTGCTG,http://www.sanger.ac.uk/perl/genetics/CGP/cosmic?action=mut_summary&id=68967
BRCA2,NM_000059.1,69041,c.3686delT,p.S1230fs*9,+,13:32912178-32912178,AMPL223959719,ATTTAACAGATGAAAATGAAGTGGGGTTTAGGGGCTTTTATTCTGCTCATGGCACAAAACTGAATGTTTCTACTGAAGCTCTGCAAAAAGCTGTGAAACTGTTTAGTGATATTGA,http://www.sanger.ac.uk/perl/genetics/CGP/cosmic?action=mut_summary&id=69041
BRCA2,NM_000059.1,69042,c.4216_4219delAAAG,p.K1406fs*3,+,13:32912708-32912711,AMPL223538053,TTGTCAGATTTAACTTTTTTGGAAGTTGCGAAAGCTCAAGAAGCATGTCATGGTAATACTTCAAATAAAGAACAGTTAACTGCTACTAAAACGGAGCAAAATATAAAAGATTTTGAGACTTC,http://www.sanger.ac.uk/perl/genetics/CGP/cosmic?action=mut_summary&id=69042
BRCA2,NM_000059.1,69043,c.8087_8102del16,p.S2697fs*31,+,13:32937426-32937441,AMPL223527025,TTGTTCTCTGTGTTTCTGACATAATTTCATTGAGCGCAAATATATCTGAAACTTCTAGCAATAAAACTAGTAGTGCAGATACCCAAAAAGTGGCCATTATTGAACTTACAGATGGGTGGTATGCTGTTAAGGCCCAGTTAGATCCTCCCCTCTTAGCTGTC,http://www.sanger.ac.uk/perl/genetics/CGP/cosmic?action=mut_summary&id=69043
BRCA2,NM_000059.1,69100,c.7821delT,p.P2608fs*40,+,13:32936675-32936675,AMPL223561501,GTTTTTATGATAATATTCTACTTTTATTTGTTCAGGGCTCTGTGTGACACTCCAGGTGTGGATCCAAAGCTTATTTCTAGAATTTGGGTTTATAATCAC,http://www.sanger.ac.uk/perl/genetics/CGP/cosmic?action=mut_summary&id=69100
BRCA2,NM_000059.1,69101,c.9831delG,p.P3278fs*35,+,13:32972481-32972481,AMPL223668583,CCTGTCTCAGCCCAGATGACTTCAAAGTCTTGTAAAGGGGAGAAAGAGATTGATGACCAAAAGAACTGCAAAAAGAGAAGAGCCTTGGATTTCTTGAGTAGACTGCCTTTACCTCCACCTGTTAGTCCCATTTGTACATTTGTTTCTCCGGCTGCACAGAAGGC,http://www.sanger.ac.uk/perl/genetics/CGP/cosmic?action=mut_summary&id=69101
BRCA1,NM_007294.1,69184,c.4484+1delG,p.?,-,17:41228504-41228504,AMPL223493831,AGTATGGTGAAAAAAATTAACAATCAGAGTTCAATATAAATAAAGATGTCAGATACCACAGCATCTTTACATTGATGTTTCTTACCTTTCCACTCCTGGTTCTTTATTTTTACTGGTAGAACTATCTGCAGACACCTCAAACTTGTCAGCAGAAAGGCCTTC,http://www.sanger.ac.uk/perl/genetics/CGP/cosmic?action=mut_summary&id=69184
BRCA1,NM_007294.1,69203,c.3794_3795insAA,p.N1265fs*4,-,17:41243753-41243754,AMPL223833516,CAATTCACTGCACTGTGAAGAAAACAAGCTAGCAGAACATTTTGTTTCCTCACTAAGGTGATGTTCCTGAGATGCCTTTGCCAATATTACCTGGTTACTGCAGTCATTTAAGCTATTCTTCAATGATAATAAATTCTCCTCTGTGTTCTTAGACAGACACTCGGTAGCAACGG,http://www.sanger.ac.uk/perl/genetics/CGP/cosmic?action=mut_summary&id=69203
BRCA2,NM_000059.1,69844,c.4061C>T,p.T1354M,+,13:32912553-32912553,AMPL223536535,TTAGAATTTGATGGCAGTGATTCAAGTAAAAATGATACTGTTTGTATTCATAAAGATGAAACGGACTTGCTATTTACTGATCAGCACAACATATGTCTTAAATTATCTGGCCAGTTTATGAAGGAGGGAAACACTCAGATTAAAGAAGATTTGTCAGATTTAAC,http://www.sanger.ac.uk/perl/genetics/CGP/cosmic?action=mut_summary&id=69844
BRCA1,NM_007294.1,73856,c.141C>G,p.C47W,-,17:41258544-41258544,AMPL223512658,TCCAACCTAGCATCATTACCAAATTATATACCTTTTGGTTATATCATTCTTACATAAAGGACACTGTGAAGGCCCTTTCTTCTGGTTGAGAAGTTTCAGCATGCAAAATCTATAAATTATAAAGAAAGAAAGAACAATTTAATTTACTTCCTTTTGTAGA,http://www.sanger.ac.uk/perl/genetics/CGP/cosmic?action=mut_summary&id=73856
BRCA2,NM_000059.1,73857,c.4912A>G,p.K1638E,+,13:32913404-32913404,AMPL223957475,CTCTCAATAATGATAAAAACCTTGTTTCTATTGAGACTGTGGTGCCACCTAAGCTCTTAAGTGATAATTTATGTAGACAAACTGAAAATCTCAAAACATCAAAAAGTATCTTTTTGAAAGTTAAAGTACATGAAAATG,http://www.sanger.ac.uk/perl/genetics/CGP/cosmic?action=mut_summary&id=73857
BRCA2,NM_000059.1,73857,c.4912A>G,p.K1638E,+,13:32913404-32913404,AMPL223957592,CCACCTAAGCTCTTAAGTGATAATTTATGTAGACAAACTGAAAATCTCAAAACATCAAAAAGTATCTTTTTGAAAGTTAAAGTACATGAAAATGTAGAAAAAGAAACAGCAAAAAGTCCTGCAACTTGTTACACAAATCAGTCCCCTT,http://www.sanger.ac.uk/perl/genetics/CGP/cosmic?action=mut_summary&id=73857
BRCA2,NM_000059.1,77348,c.3429A>T,p.E1143D,+,13:32911921-32911921,AMPL223942326,TAATTCAAACCATAATTTAACACCTAGCCAAAAGGCAGAAATTACAGAACTTTCTACTATATTAGAAGAATCAGGAAGTCAGTTTGAATTTACTCAGTTTAGAAAACCAAGCTACATATTGCAGAAGAGTACATTTGAAGTGCCTGAAAACCAGATGACTATCTT,http://www.sanger.ac.uk/perl/genetics/CGP/cosmic?action=mut_summary&id=77348
BRCA1,NM_007294.1,78883,c.5503C>T,p.R1835*,-,17:41197784-41197784,AMPL223530147,CTGGCACTGGTAGAGTGCTACACTGTCCAACACCCACTCTCGGGTCACCACAGGTGCCTCACACATCTGCCCAATTGCTGGAGACAGAGAACACAAGC,http://www.sanger.ac.uk/perl/genetics/CGP/cosmic?action=mut_summary&id=78883
BRCA1,NM_007294.1,78884,c.4612C>T,p.Q1538*,-,17:41226411-41226411,AMPL223461311,ATGAAATATTACCTAGATCTTGCCTTGGCAAGTAAGATGTTTCCGTCAAATCGTGTGGCCCAGACTCTTCCAGCTGTTGCTCCTCC,http://www.sanger.ac.uk/perl/genetics/CGP/cosmic?action=mut_summary&id=78884
BRCA1,NM_007294.1,78885,c.1292T>G,p.L431*,-,17:41246256-41246256,AMPL223787752,GAGGCTTGCCTTCTTCCGATAGGTTTTCCCAAATATTTTGTCTTCAATATTACTCTCTACTGATTTGGAGTGAACTCTTTCACTTTTACATATTAAAGCCTCATGAGGATCACTGGCCAGTAAGTCTATTTTCTCTGAAGAACCAGAATATTCATCTAC,http://www.sanger.ac.uk/perl/genetics/CGP/cosmic?action=mut_summary&id=78885
BRCA2,NM_000059.1,78886,c.2133C>A,p.C711*,+,13:32910625-32910625,AMPL223451547,TTTTGGGACAATTCTGAGGAAATGTTCTAGAAATGAAACATGTTCTAATAATACAGTAATCTCTCAGGATCTTGATTATAAAGAAGCAAAATGTAATAAGGAAAAACTACAGTTATTTATTACCCCAGAAGCTGATTCTCTGTCATGCCTGCAGG,http://www.sanger.ac.uk/perl/genetics/CGP/cosmic?action=mut_summary&id=78886
BRCA2,NM_000059.1,78887,c.5645C>A,p.S1882*,+,13:32914137-32914137,AMPL223963545,GGATAGCCAGTGGTAAAATCGTTTGTGTTTCACATGAAACAATTAAAAAAGTGAAAGACATATTTACAGACAGTTTCAGTAAAGTAATTAAGGAAAACAACGAGAATAAATCAAAAATTTGCCAAACGAAAATTATGGCAGGTTGTTACGA,http://www.sanger.ac.uk/perl/genetics/CGP/cosmic?action=mut_summary&id=78887
BRCA1,NM_007294.1,79340,c.346G>T,p.E116*,-,17:41256234-41256234,AMPL223495326,GTTCACTCTGTAGAAGTCTTTTGGCACGGTTTCTGTAGCCCATACTTTGGATGATAGAAACTTCATCTTTTAGATGTTCAGGAGAGTTATTTTCCTTTTTTGCAAAATTATAGCTGTTTGCATCTGTAAAATACAAGGGAAAACATTATGTTTGCAGTTAGAGAAAAATGTATGAATTATAATCAA,http://www.sanger.ac.uk/perl/genetics/CGP/cosmic?action=mut_summary&id=79340
BRCA2,NM_000059.1,84215,c.1452A>G,p.V484V,+,13:32907067-32907067,AMPL223713442,CAGAGAAGCCATTAAATGAGGAAACAGTGGTAAATAAGAGAGATGAAGAGCAGCATCTTGAATCTCATACAGACTGCATTCTTGCAGTAAAGCAGGCAATATCTGGAACTTCTCCAGTGGCTTCTTCATTTCAGGGTATCAAAAAGTCTATATTCAGAATAAG,http://www.sanger.ac.uk/perl/genetics/CGP/cosmic?action=mut_summary&id=84215
BRCA2,NM_000059.1,84216,c.8931T>G,p.Y2977*,+,13:32953630-32953630,AMPL225430386,TATCAAGGGATGTCACAACCGTGTGGAAGTTGCGTATTGTAAGCTATTCAAAAAAAGAAAAAGATTCAGGTAAGTATGTAAATGCTTTGTTTTTATCAGTTTTATTAACTTAAAAAATGACCTTACTAACAAAATGATTATAAATCCAGATAAAGTATAAAGTTAGTTTATAT,http://www.sanger.ac.uk/perl/genetics/CGP/cosmic?action=mut_summary&id=84216
BRCA1,NM_007294.1,85905,c.1352C>G,p.S451*,-,17:41246196-41246196,AMPL223787752,GAGGCTTGCCTTCTTCCGATAGGTTTTCCCAAATATTTTGTCTTCAATATTACTCTCTACTGATTTGGAGTGAACTCTTTCACTTTTACATATTAAAGCCTCATGAGGATCACTGGCCAGTAAGTCTATTTTCTCTGAAGAACCAGAATATTCATCTAC,http://www.sanger.ac.uk/perl/genetics/CGP/cosmic?action=mut_summary&id=85905
BRCA1,NM_007294.1,93976,c.3031G>A,p.E1011K,-,17:41244517-41244517,AMPL223779507,GTACTTGGAATGTTCTCATTTCCCATTTCTCTTTCAGGTGACATTGAATGTTCCTCAAAGTTTTCCTCTAGCAGATTTTTCTTACATTTAGTTTTAACAAATGACTTGATGGGAAAAAGTGGTGGTATACGATATGGGTTTTGTAAAAGTCCATGTT,http://www.sanger.ac.uk/perl/genetics/CGP/cosmic?action=mut_summary&id=93976
BRCA1,NM_007294.1,93977,c.2958C>G,p.I986M,-,17:41244590-41244590,AMPL223779507,GTACTTGGAATGTTCTCATTTCCCATTTCTCTTTCAGGTGACATTGAATGTTCCTCAAAGTTTTCCTCTAGCAGATTTTTCTTACATTTAGTTTTAACAAATGACTTGATGGGAAAAAGTGGTGGTATACGATATGGGTTTTGTAAAAGTCCATGTT,http://www.sanger.ac.uk/perl/genetics/CGP/cosmic?action=mut_summary&id=93977
BRCA1,NM_007294.1,93978,c.2060A>C,p.Q687P,-,17:41245488-41245488,AMPL223426628,AGTTCACTGGTATTTGAACACTTAGTAAAAGAACCAGGTGCATTTGTTAACTTCAGCTCTGGGAAAGTATCGCTGTCATGTCTTTTACTTGTCTGTTCATTTGGCTTGTTACTCTTCTTGGCTCCAGTTGCAGGTTCTTTACCT,http://www.sanger.ac.uk/perl/genetics/CGP/cosmic?action=mut_summary&id=93978
BRCA1,NM_007294.1,93979,c.1108G>A,p.V370I,-,17:41246440-41246440,AMPL223784919,TTCTGAATGCTGCTATTTAGTGTTATCCAAGGAACATCTTCAGTATCTCTAGGATTCTCTGAGCATGGCAGTTTCTGCTTATTCCATTCTTTTCTCTCACACAGGGGATCAGCATTCAGATCTACCTTTTTTTCTGTGCTGGGAGTCCGCCTATCATTACA,http://www.sanger.ac.uk/perl/genetics/CGP/cosmic?action=mut_summary&id=93979
BRCA1,NM_007294.1,93980,c.889A>G,p.M297V,-,17:41246659-41246659,AMPL223802517,TTACATGTTTCCTTACTTCCAGCCCATCTGTTATGTTGGCTCCTTGCTAAGCCAGGCTGTTTGCTTTTATTACAGAATTCAGCCTTTTCTACATTCATTCTGTCTTTAGTGAGTAATAAACTGCTGTTCTCATGCTGTAAT,http://www.sanger.ac.uk/perl/genetics/CGP/cosmic?action=mut_summary&id=93980
BRCA2,NM_000059.1,93981,c.1408G>C,p.E470Q,+,13:32907023-32907023,AMPL223713442,CAGAGAAGCCATTAAATGAGGAAACAGTGGTAAATAAGAGAGATGAAGAGCAGCATCTTGAATCTCATACAGACTGCATTCTTGCAGTAAAGCAGGCAATATCTGGAACTTCTCCAGTGGCTTCTTCATTTCAGGGTATCAAAAAGTCTATATTCAGAATAAG,http://www.sanger.ac.uk/perl/genetics/CGP/cosmic?action=mut_summary&id=93981
BRCA2,NM_000059.1,93982,c.4993G>C,p.E1665Q,+,13:32913485-32913485,AMPL223561388,CCCCTTATTCAGTCATTGAAAATTCAGCCTTAGCTTTTTACACAAGTTGTAGTAGAAAAACTTCTGTGAGTCAGACTTCATTACTTGAAGCAAAAAAA,http://www.sanger.ac.uk/perl/genetics/CGP/cosmic?action=mut_summary&id=93982
BRCA2,NM_000059.1,93983,c.6728C>G,p.S2243C,+,13:32915220-32915220,AMPL223512345,AAAGCTTTTATGGAAGATGATGAACTGACAGATTCTAAACTGCCAAGTCATGCCACACATTCTCTTTTTACATGTCCCGAAAATGAGGAAATGGTTTTGTCAAATTCAAGAATTGGAAAAAGAAGAGGAGAGCCCCTTATCTTAGTGGGTAAGT,http://www.sanger.ac.uk/perl/genetics/CGP/cosmic?action=mut_summary&id=93983
BRCA1,NM_007294.1,95581,c.4930G>T,p.E1644*,-,17:41223001-41223001,AMPL223735053,TTCTTCTGGGGTCAGGCCAGACACCACCATGGACATTCTTTTGTTGACCCTTTCTGTTGAAGCTGTCAATTCTGG,http://www.sanger.ac.uk/perl/genetics/CGP/cosmic?action=mut_summary&id=95581
BRCA2,NM_000059.1,95697,c.632-2A>G,p.?,+,13:32903578-32903578,AMPL225492147,AAAATAAGTTTTTGCATTCTAGTGATAATATACAATACACATAAATTTTTATCTTACAGTCAGAAATGAAGAAGCATCTGAAACTGTATTTCCTCATGATACTACTGCTGTAAGTAAATATGACATTGATTAGACTGTTGAAATTGCTAACAATTTTGGAATGCCTTGTTAAATTATTTATCTTACATTTTTAATTTCCTAATCTGTAATTTATCTAAG,http://www.sanger.ac.uk/perl/genetics/CGP/cosmic?action=mut_summary&id=95697
BRCA1,NM_007294.1,95782,c.4005G>C,p.L1335L,-,17:41243543-41243543,AMPL223785198,TTGCTCTTCTTGATTATTTTCTTCCAAGCCCGTTCCTCTTTCTTCATCATCTGAAACCAATTCCTTGTCACTCAGACCAACTCCCTGGCTTTCAGACTGATGCCTCATTTGTTTGGAAGAACCAATCAAGAAAGGATCCTGGGTGTTTGTATTTGCAGTCAAGTCTTCCAATTC,http://www.sanger.ac.uk/perl/genetics/CGP/cosmic?action=mut_summary&id=95782
BRCA2,NM_000059.1,95783,c.8832C>A,p.I2944I,+,13:32953531-32953531,AMPL223492069,GCAGTTAAGAGCCTTGAATAATCACAGGCAAATGTTGAATGATAAGAAACAAGCTCAGATCCAGTTGGAAATTAGGAAGGCCATGGAATCTGCTGAACAAAAGGAACAAGGTTTATC,http://www.sanger.ac.uk/perl/genetics/CGP/cosmic?action=mut_summary&id=95783
BRCA2,NM_000059.1,98292,c.3515C>T,p.S1172L,+,13:32912007-32912007,AMPL223950043,TATCTTAAAGACCACTTCTGAGGAATGCAGAGATGCTGATCTTCATGTCATAATGAATGCCCCATCGATTGGTCAGGTAGACAGCAGCAAGCAATTTGAAGGTACAGTTGAAATTAAACGGAAGTTTGCTGGCCTGTTGAAAAATGACTGTAACAAAAGTGCTTCTGGTTATTT,http://www.sanger.ac.uk/perl/genetics/CGP/cosmic?action=mut_summary&id=98292
